"username"	"date"	"retweets"	"favorites"	"text"	"geo"	"mentions"	"hashtags"	"id"	"permalink"
"dr_rajpurohit"	"2016-12-16 23:29"	0	0	"@sunilddesai @vinod_sharma Punjab & UP elections will be the true test of #Demonetisation. Nation will be cashless & BJP will be voteless!:)"	""	"@sunilddesai @vinod_sharma"	"#Demonetisation"	"809820164279500800"	"https://twitter.com/dr_rajpurohit/status/809820164279500800"
"mithun_tweets"	"2016-12-16 22:30"	0	0	"@CorporateKity kind of yeah.. I flew to Kochi couple of days back (escape route).. literally walked to airport; thanks to #DeMonetisation :)"	""	"@CorporateKity"	"#DeMonetisation"	"809805525013565440"	"https://twitter.com/mithun_tweets/status/809805525013565440"
"nbrengaraju"	"2016-12-16 21:43"	1	1	"Breaking News: Finally @OfficeOfRG 'earthquake' infm on @narendramodi personal corruption is out :) @INCIndia #DeMonetisation pic.twitter.com/vzM0xhEoi5"	""	"@OfficeOfRG @narendramodi @INCIndia"	"#DeMonetisation"	"809793594726879233"	"https://twitter.com/nbrengaraju/status/809793594726879233"
"Jeetu_pa84"	"2016-12-16 19:17"	0	0	"Spelling of #Demonetization is wrong, Arvind Sir :P http://fb.me/8pagf5Qyh "	""	""	"#Demonetization"	"809756779986894848"	"https://twitter.com/Jeetu_pa84/status/809756779986894848"
"HarshithMallya"	"2016-12-16 19:05"	0	0	"A sentence I never expected to see on @YourStoryCo :P- https://yourstory.com/2016/12/weed-grass-drug-bengaluru-digital-payments/ … #DeMonetisation #SmokeWeedEveryday #Stoners pic.twitter.com/SoWH8qpZ8h"	""	"@YourStoryCo"	"#DeMonetisation #SmokeWeedEveryday #Stoners"	"809753807940763649"	"https://twitter.com/HarshithMallya/status/809753807940763649"
"teawithdev"	"2016-12-16 17:05"	10	6	"Aftr #DeMonetisation Axis Bank converting Black 2 white & MANISHA LATH (Former Executive VC Axis Bank) Busy Raising fund for Farziwal :) pic.twitter.com/Lx51RESGbu"	""	""	"#DeMonetisation"	"809723738761535489"	"https://twitter.com/teawithdev/status/809723738761535489"
"vismayshah"	"2016-12-16 16:30"	0	0	"@philotweepic @RenukaJain6 Side effects of #DeMonetisation..!! :) :p"	""	"@philotweepic @RenukaJain6"	"#DeMonetisation"	"809714722220179457"	"https://twitter.com/vismayshah/status/809714722220179457"
"BuzzDrivers"	"2016-12-16 14:32"	0	0	"Our soapy PM turns a Liril girl now. Was modelling for Digi-धन not possible without #Demonetisation? You really want me to believe that :) pic.twitter.com/XFKY2wlHJy"	""	""	"#Demonetisation"	"809685113864761344"	"https://twitter.com/BuzzDrivers/status/809685113864761344"
"ne_hah"	"2016-12-16 14:23"	0	0	"Good Old Days :P http://buff.ly/2hV3gtR  #demonetization #india #inr #rupee #photography"	""	""	"#demonetization #india #inr #rupee #photography"	"809682885007593472"	"https://twitter.com/ne_hah/status/809682885007593472"
"sunilarab"	"2016-12-16 14:15"	0	1	"Eagerly looking forward to @RealArnabG back on PrimeTime with #Republic. Its been a dull #DeMonetisation debate so far :)"	""	"@RealArnabG"	"#Republic #DeMonetisation"	"809680906570993664"	"https://twitter.com/sunilarab/status/809680906570993664"
"PapaEmiritusX"	"2016-12-16 14:06"	0	0	"#Demonetisation. :D This... pic.twitter.com/BTmeOL6OLo"	""	""	"#Demonetisation"	"809678584705060864"	"https://twitter.com/PapaEmiritusX/status/809678584705060864"
"socialtroll_"	"2016-12-16 14:02"	0	0	"This is how your black can be converted to white via Axis Bank :P #Demonetisation http://fb.me/3Jr7C23q2 "	""	""	"#Demonetisation"	"809677458911858688"	"https://twitter.com/socialtroll_/status/809677458911858688"
"riturajgill"	"2016-12-16 12:54"	0	0	"My tryst with the pen..err..I mean keyboard :) do read & share if you like it! truth behind #demonetization http://riturajgill.com/demonetization-surgical-strike-black-money …"	""	""	"#demonetization"	"809660399259787264"	"https://twitter.com/riturajgill/status/809660399259787264"
"bhutesuresh"	"2016-12-16 11:08"	0	0	"pic.twitter.com/KPFQuw7mWF U S gives a big thums up 2 @narendramodi ji's #DeMonetisation drive :-)"	""	"@narendramodi"	"#DeMonetisation"	"809633746550820864"	"https://twitter.com/bhutesuresh/status/809633746550820864"
"RishiDodeja"	"2016-12-16 10:55"	0	0	"love the way u took the country by storm with the #demonetisation move & hav my support 100% @narendramodi Srry for d late appreciation :p"	""	"@narendramodi"	"#demonetisation"	"809630542761168896"	"https://twitter.com/RishiDodeja/status/809630542761168896"
"aatmesh123"	"2016-12-16 09:21"	0	0	"#DeMonetisation effect :) https://twitter.com/AAPUttarPradesh/status/809388454807216129 …"	""	""	"#DeMonetisation"	"809606882704781313"	"https://twitter.com/aatmesh123/status/809606882704781313"
"SayNoToCash_IN"	"2016-12-16 09:12"	0	0	"@sarath_gud Hope you keep paying him via bank once #DeMonetisation is over :)"	""	"@sarath_gud"	"#DeMonetisation"	"809604575930044416"	"https://twitter.com/SayNoToCash_IN/status/809604575930044416"
"vinay_dwivedi12"	"2016-12-16 05:32"	0	0	"#DeMonetisation #CashCheats What a joke hahaha. I bet he can't speak the name of his state.. Mobile banking is too tough for him :-)https://twitter.com/timesnow/status/809431115274526720 …"	""	""	"#DeMonetisation #CashCheats"	"809549144381501441"	"https://twitter.com/vinay_dwivedi12/status/809549144381501441"
"YeskayDurai"	"2016-12-17 22:35"	1	0	"Intention was good but how #demonetization execution turning out to be :D pic.twitter.com/tSUOKs5Uzs"	""	""	"#demonetization"	"810169095681286144"	"https://twitter.com/YeskayDurai/status/810169095681286144"
"Palashwriter"	"2016-12-17 19:01"	0	0	"Latest Song #MerabharatMahaan on #Modi Ji , #India, #BlackMoney , #Corruption , #Demonetization is here..:) :)... http://fb.me/7WwiwTitL "	""	""	"#MerabharatMahaan #Modi #India #BlackMoney #Corruption #Demonetization"	"810115246366937088"	"https://twitter.com/Palashwriter/status/810115246366937088"
"SarveshNayakINC"	"2016-12-17 18:16"	0	0	"अपना #BlackMoney #WhiteMoney में बदलने के लिए यह वीडियो जरुर देखे -: :D :D :D #BjpOnBlackMoney #Demonetisation http://fb.me/5FwDb1286 "	""	""	"#BlackMoney #WhiteMoney #BjpOnBlackMoney #Demonetisation"	"810103908135800838"	"https://twitter.com/SarveshNayakINC/status/810103908135800838"
"gtvtelugunews"	"2016-12-17 17:03"	0	0	"నోట్ల రద్దు పై సి.యం కేసిఆర్ ఎమోషనల్ స్పీచ్ !! :) #KCR #CM #Speech #Demonetisation #Emotional http://fb.me/2ppyfzI21 "	""	""	"#KCR #CM #Speech #Demonetisation #Emotional"	"810085624917028864"	"https://twitter.com/gtvtelugunews/status/810085624917028864"
"VikasAgarwalll"	"2016-12-17 16:38"	0	1	"This movie was running successfully in UP till #DeMonetisation happened. Now no traces of it. :P https://www.youtube.com/watch?v=3TAaRkbEiUY …"	""	""	"#DeMonetisation"	"810079252989284353"	"https://twitter.com/VikasAgarwalll/status/810079252989284353"
"DinetoniteIndia"	"2016-12-17 16:23"	0	3	"#restaurants accepting cards are gradually topping my favourite #foodjoints list.. :P #demonetization #DemonetizationBenefitspic.twitter.com/BYEh33Ybaq"	""	""	"#restaurants #foodjoints #demonetization #DemonetizationBenefitspic"	"810075483144650753"	"https://twitter.com/DinetoniteIndia/status/810075483144650753"
"bhushanagarwal1"	"2016-12-17 14:27"	0	0	"@ArvindKejriwal Bhai tu to computer ki baat mat kar , Jisko #demonetization ki spelling nahi aati ho woh computer kya jane :P"	""	"@ArvindKejriwal"	"#demonetization"	"810046361039151104"	"https://twitter.com/bhushanagarwal1/status/810046361039151104"
"MukulAgarwal66"	"2016-12-17 14:23"	7	11	"u think people are so agitated because of #demonetisation ? :))) https://twitter.com/UnSubtleDesi/status/810001282450616321 …"	""	""	"#demonetisation"	"810045272462127104"	"https://twitter.com/MukulAgarwal66/status/810045272462127104"
"AhamedAnsar"	"2016-12-17 13:12"	0	0	"In the midst of #demonetisation & various other local chaos, I think twitter freedom campaign for #Balochistan takes a break ;) :D :P"	""	""	"#demonetisation #Balochistan"	"810027484758605825"	"https://twitter.com/AhamedAnsar/status/810027484758605825"
"kumar_sumit"	"2016-12-17 12:55"	22	20	"Mr @narendramodi, I can understand the literacy level of #Bhakts but in 1978 another Gujarati PM did implement #DeMonetization rest is :) https://twitter.com/TimesNow/status/809687800060768256 …"	""	"@narendramodi"	"#Bhakts #DeMonetization"	"810023216597135360"	"https://twitter.com/kumar_sumit/status/810023216597135360"
"shaileshkantak"	"2016-12-17 11:20"	1	1	"Good thing about #DeMonetisation is that a lot many people are now suddenly concerned about the pain of the poor n the public as a whole. :)"	""	""	"#DeMonetisation"	"809999287769657344"	"https://twitter.com/shaileshkantak/status/809999287769657344"
"sharsanj"	"2016-12-17 08:41"	0	1	"#DeMonetisation has slowed hair growth !! :) https://twitter.com/Category5Moron/status/809954485640445953 …"	""	""	"#DeMonetisation"	"809959278551252993"	"https://twitter.com/sharsanj/status/809959278551252993"
"AnubhaShukla7"	"2016-12-17 07:37"	1	10	"Got 4k (using two ATM cards) within 5mins in Kanpur. No queues. Yahan paisa hi paisa hai. :P #demonetization"	""	""	"#demonetization"	"809942945352687616"	"https://twitter.com/AnubhaShukla7/status/809942945352687616"
"Rtaunk"	"2016-12-19 00:06"	0	2	"@Hindigeneous Reply is comming from Mars .. it will take time :) #DeMonetisation"	""	"@Hindigeneous"	"#DeMonetisation"	"810554426276646913"	"https://twitter.com/Rtaunk/status/810554426276646913"
"IntegralUnity"	"2016-12-18 23:41"	5	1	"after 70yrs of promoting losers, MSM journos want every potential loophole of #DeMonetisation fixed by Modi tomorrow :)"	""	""	"#DeMonetisation"	"810548139639902208"	"https://twitter.com/IntegralUnity/status/810548139639902208"
"HarshithMallya"	"2016-12-18 22:28"	0	2	"In Modi's India, ATMs are now sentient beings able to perceive sorrow :P #Demonetisation pic.twitter.com/YzpczoraTD"	""	""	"#Demonetisation"	"810529568947863552"	"https://twitter.com/HarshithMallya/status/810529568947863552"
"nehakeshri"	"2016-12-18 20:19"	1	1	"Amir khan welcomes #DeMonetisation .. Ahaa Dangal is coming :)"	""	""	"#DeMonetisation"	"810497344407863296"	"https://twitter.com/nehakeshri/status/810497344407863296"
"smadygo"	"2016-12-18 19:31"	0	0	"Swamy is thinking about Modi's #DeMonetisation joke on ppl ! :D https://twitter.com/KyaUkhaadLega/status/810484187102777344 …"	""	""	"#DeMonetisation"	"810485223276314624"	"https://twitter.com/smadygo/status/810485223276314624"
"GurunathP"	"2016-12-18 19:28"	0	0	"#DeMonetisation over! lets talk #Remonetisation! :)"	""	""	"#DeMonetisation #Remonetisation"	"810484330594205700"	"https://twitter.com/GurunathP/status/810484330594205700"
"VeluAnandaraman"	"2016-12-18 19:18"	0	0	"@PiyushGoyal If you don't declare your black money, we will declare you as a political party and you are exempt from Tax :) #demonetisation"	""	"@PiyushGoyal"	"#demonetisation"	"810481767211827200"	"https://twitter.com/VeluAnandaraman/status/810481767211827200"
"victorvibhu"	"2016-12-18 18:51"	0	0	"Even Pappu(the other one) & eunuchs are supporting #DeMonetisation ye sab Kya ho raha hai @drajoykumar :)https://twitter.com/CNNnews18/status/810466576994598912 …"	""	"@drajoykumar"	"#DeMonetisation"	"810475193005019139"	"https://twitter.com/victorvibhu/status/810475193005019139"
"rehack20"	"2016-12-18 15:02"	0	1	".@uchilpuneeta Yeah, really...he's kind of justifying #demonetisation for fulfilling his stamp collection hobby :) Aise hi kar leta.."	""	"@uchilpuneeta"	"#demonetisation"	"810417362235260928"	"https://twitter.com/rehack20/status/810417362235260928"
"SurendraKatchh"	"2016-12-18 13:47"	0	0	"Meanwhile; good effects of #DeMonetisation is, relatives and friends are contacting you for help. Cash @POS :) #Bastar"	""	"@POS"	"#DeMonetisation #Bastar"	"810398557261987840"	"https://twitter.com/SurendraKatchh/status/810398557261987840"
"kamal__tiwari"	"2016-12-18 12:14"	0	0	"2000 से भी कम लोग आये हैं केजरीवाल की रैली में #Demonetization :P"	""	""	"#Demonetization"	"810375224025894913"	"https://twitter.com/kamal__tiwari/status/810375224025894913"
"karaiyaan"	"2016-12-18 10:43"	1	2	"#Demonetisation எல்லா கருப்பு பணமும் கணக்கில் வரும் - டேஷ்பக்த்ஸ். அரசியல் கட்சிகள் பணத்திற்கு கணக்கு காட்ட தேவையில்லை - மோடி :D"	""	""	"#Demonetisation"	"810352276611235840"	"https://twitter.com/karaiyaan/status/810352276611235840"
"iftiseo"	"2016-12-18 10:23"	0	0	"Hehe :P #Demonetization . Good Morning guys :) http://fb.me/4MDEgjqCD "	""	""	"#Demonetization"	"810347272127053824"	"https://twitter.com/iftiseo/status/810347272127053824"
"MihirkJha"	"2016-12-18 09:59"	0	2	"#DeMonetisation A good job by some Adnan guy Bro @Infinitchy , u got competition :)https://youtu.be/YsYxPau2Ymo "	""	"@Infinitchy"	"#DeMonetisation"	"810341126989172736"	"https://twitter.com/MihirkJha/status/810341126989172736"
"Vidyut"	"2016-12-20 03:25"	0	0	"@vivekbadkur3 But they won't say that because makes #DeMonetisation look bad :p"	""	"@vivekbadkur3"	"#DeMonetisation"	"810966906857353216"	"https://twitter.com/Vidyut/status/810966906857353216"
"singingsufi"	"2016-12-20 01:52"	2	0	"तेरे वादे पे जिये हम… तो ये प्लान झूठ जाना के क़तार सब लगाते … जो न इश्तेहार होता :D -सरफ़राज़ #DeMonetisation #5000limit #BlackMoney"	""	""	"#DeMonetisation #5000limit #BlackMoney"	"810943330179612672"	"https://twitter.com/singingsufi/status/810943330179612672"
"sahoodmail"	"2016-12-20 00:16"	0	0	"I went to bathroom, then i got shocked #Modi ji changed #DeMonetisation rule for the 150th time :) buah haa haa .. #5000limit"	""	""	"#Modi #DeMonetisation #5000limit"	"810919322474442752"	"https://twitter.com/sahoodmail/status/810919322474442752"
"rami_malik"	"2016-12-19 23:24"	0	0	"@JhaSanjay Congis rarely get a chance to cheer these days, so we give it to you. BTW Pappu's balloon on #DeMonetisation already deflated :)"	""	"@JhaSanjay"	"#DeMonetisation"	"810906052669636608"	"https://twitter.com/rami_malik/status/810906052669636608"
"AskingFor501"	"2016-12-19 23:09"	0	0	".@discopiggu wanna get married with @ArvindKejriwal ? Coz he explains #DeMonetisation very well :P"	""	"@discopiggu @ArvindKejriwal"	"#DeMonetisation"	"810902435040403456"	"https://twitter.com/AskingFor501/status/810902435040403456"
"Laxmikant_Rai"	"2016-12-19 23:06"	0	0	"Raees movie inspired by #Demonetization -Baniye ka Dimaag aur Gujju bhai ki daring :p"	""	""	"#Demonetization"	"810901630380085250"	"https://twitter.com/Laxmikant_Rai/status/810901630380085250"
"quixoticious"	"2016-12-19 22:02"	0	1	"@Reds_Voice :D disastrous #demonetization"	""	"@Reds_Voice"	"#demonetization"	"810885487984459777"	"https://twitter.com/quixoticious/status/810885487984459777"
"TheCRAC00641102"	"2016-12-19 21:14"	0	0	"Outside ATM , crowd mood Action & reaction #fits in fashion #Demonetisation :) :) :) pic.twitter.com/M1lv0T6hbR"	""	""	"#fits #Demonetisation"	"810873390206750720"	"https://twitter.com/TheCRAC00641102/status/810873390206750720"
"StageCulture"	"2016-12-19 19:38"	0	2	"Long ATM line? Laugh it out! :D http://bit.ly/2hR4E1z  @amitandon @AllIndiaBakchod @greencomedian @thevirdas @sawandutta #demonetization"	""	"@amitandon @AllIndiaBakchod @greencomedian @thevirdas @sawandutta"	"#demonetization"	"810849194781134848"	"https://twitter.com/StageCulture/status/810849194781134848"
"RealArnabG"	"2016-12-19 19:16"	13	39	"Cost Cutting after #Demonetisation :) https://twitter.com/EconomicTimes/status/810839326745468929 …"	""	""	"#Demonetisation"	"810843776436633604"	"https://twitter.com/RealArnabG/status/810843776436633604"
"DeepRaazDeep"	"2016-12-19 18:56"	0	0	"#DeMonetization पैसे तो पहले भी नहीं होते थे जेब में..// लेकिन आज कल पैसे नहीं हैं कहने में शर्म नहीं आती..// :P #DeepRaaz_Deep"	""	""	"#DeMonetization #DeepRaaz_Deep"	"810838668122341376"	"https://twitter.com/DeepRaazDeep/status/810838668122341376"
"abhikm82"	"2016-12-19 18:32"	0	0	"#DeMonetisation Still ......Missing in Action is the 500 new note ? Has anyone seen one. Last one i saw was in Nov-25 :P"	""	""	"#DeMonetisation"	"810832562822254593"	"https://twitter.com/abhikm82/status/810832562822254593"
"tweetyproy"	"2016-12-19 18:30"	0	0	"haha...true. Moh, maya tyag do mitronnn :) #DeMonetisation https://twitter.com/Gayatri__J/status/810816971180605441 …"	""	""	"#DeMonetisation"	"810832068569612288"	"https://twitter.com/tweetyproy/status/810832068569612288"
"vikasyadava"	"2016-12-19 17:07"	0	0	"@narendramodi should take a note. who can have this info better than RaGa :) #DeMonetisation https://twitter.com/OfficeOfRG/status/810802966294720513 …"	""	"@narendramodi"	"#DeMonetisation"	"810811301408731136"	"https://twitter.com/vikasyadava/status/810811301408731136"
"iamanurag04"	"2016-12-19 16:47"	0	0	"@dilipmandal @AmbedkarCaravan बहुत ख़ूब ! this is intelligent criticism without being personal & judgmental:) :) #DeMonetisation"	""	"@dilipmandal @AmbedkarCaravan"	"#DeMonetisation"	"810806332492132353"	"https://twitter.com/iamanurag04/status/810806332492132353"
"umanathtrip"	"2016-12-19 16:27"	0	1	"Just found another atm, its canara bank sapru marg Lko, no person at all & i withdrew another 2k :) with another atm... #DeMonetisation"	""	""	"#DeMonetisation"	"810801301084835840"	"https://twitter.com/umanathtrip/status/810801301084835840"
"sudheer_hm"	"2016-12-19 15:59"	0	0	"@SirJadeja is busy piling up big score. He will comment on @OfficeOfRG speech after he returns to the dressing room :) #DeMonetisation"	""	"@SirJadeja @OfficeOfRG"	"#DeMonetisation"	"810794058775990272"	"https://twitter.com/sudheer_hm/status/810794058775990272"
"KhojeePatrakaar"	"2016-12-19 15:17"	0	1	"@ANI_news yahi woh log hain jo Modi ji ke saath kandhe se kandha mila kar khade hain #DeMonetisation ke support mein :)"	""	"@ANI_news"	"#DeMonetisation"	"810783699948158976"	"https://twitter.com/KhojeePatrakaar/status/810783699948158976"
"abhishek1984_21"	"2016-12-19 15:07"	0	0	"#DeMonetisation #atmwithcash #DemonetizationDisaster :Dpic.twitter.com/4PoDavmrOO"	""	""	"#DeMonetisation #atmwithcash #DemonetizationDisaster"	"810781134141476864"	"https://twitter.com/abhishek1984_21/status/810781134141476864"
"sanvru"	"2016-12-19 14:43"	0	0	"@rvaidya2000 Indian opposition parties successfully agitated & lobbied against #DeMonetisation in Venezuela forcing Maduro 2 postpone it :))"	""	"@rvaidya2000"	"#DeMonetisation"	"810774947320754176"	"https://twitter.com/sanvru/status/810774947320754176"
"shuvankr"	"2016-12-19 14:23"	0	2	"Arey o kanpur ke niwasi logo .. @narendramodi ke kaan ke niche bajao thik se .. Sare #DeMonetisation nikal jayega :)"	""	"@narendramodi"	"#DeMonetisation"	"810769908116164608"	"https://twitter.com/shuvankr/status/810769908116164608"
"zalimsingh"	"2016-12-19 14:12"	0	0	"#DeMonetisation 15.44 lakh crores n still counting .... modi ji is the best scorer of INDIA ..... :) ;)"	""	""	"#DeMonetisation"	"810767138080378881"	"https://twitter.com/zalimsingh/status/810767138080378881"
"Abhisek_jain94"	"2016-12-19 13:13"	0	0	"#DeMonetisation Has quite an impact on Bhajiawala :p https://twitter.com/IndiaTodayFLASH/status/810743782207426561 …"	""	""	"#DeMonetisation"	"810752276923092992"	"https://twitter.com/Abhisek_jain94/status/810752276923092992"
"SankhaneelB"	"2016-12-19 12:13"	0	0	"Post #DeMonetisation , If anyone remotely suggest any entity as Corrupt in any public forum. Ensure you speak/write only on FIR cases :P"	""	""	"#DeMonetisation"	"810737262887632896"	"https://twitter.com/SankhaneelB/status/810737262887632896"
"ManishKotharee"	"2016-12-19 11:36"	0	0	"@anjanaomkashyap @CPDelhi busy busy busy!! #DeMonetisation :) Instead good quality food, Government school need educated teachers first!.."	""	"@anjanaomkashyap @CPDelhi"	"#DeMonetisation"	"810728049130045440"	"https://twitter.com/ManishKotharee/status/810728049130045440"
"ranashu"	"2016-12-19 10:02"	0	0	"What is left to brief now :)) #DeMonetisation https://twitter.com/firstpost/status/810703701803466752 …"	""	""	"#DeMonetisation"	"810704353245863937"	"https://twitter.com/ranashu/status/810704353245863937"
"wordOOji"	"2016-12-19 09:59"	0	0	"Why the hell are u targetting Urjit Patel? #Demonetisation. :)"	""	""	"#Demonetisation"	"810703642743500800"	"https://twitter.com/wordOOji/status/810703642743500800"
"Sahil_RG"	"2016-12-19 08:29"	0	0	"Retweeted sumit kumar (@kumar_sumit): And the lady is killing it .... :) ha ha ha #DeMonetisation... http://fb.me/13kHMVkdE "	""	"@kumar_sumit"	"#DeMonetisation"	"810680863759433728"	"https://twitter.com/Sahil_RG/status/810680863759433728"
"uncloggedmind"	"2016-12-19 07:18"	0	1	"@ShashiTharoor @sayamkapila92 @YouTube at least u could have hastagged it just #Demonetization instead of #DemonetizationDisaster :)"	""	"@ShashiTharoor @sayamkapila92 @YouTube"	"#Demonetization #DemonetizationDisaster"	"810663017327099904"	"https://twitter.com/uncloggedmind/status/810663017327099904"
"enkayjain"	"2016-12-21 04:52"	0	0	"Haha :) latest update on #DeMonetisation #Jaitley @FinMinIndia @narendramodihttps://twitter.com/fakingnews/status/811247296709095424 …"	""	"@FinMinIndia @narendramodihttps"	"#DeMonetisation #Jaitley"	"811351056173056000"	"https://twitter.com/enkayjain/status/811351056173056000"
"MalharTakle"	"2016-12-21 02:41"	11	35	"Frequency of Change in Govt decisions on #DeMonetisation are exponentially proportional to Change of dress by Modiji :P #पलटीमार_मोदी_सरकारpic.twitter.com/gOPaeD3JOx"	""	""	"#DeMonetisation #"	"811318055305433088"	"https://twitter.com/MalharTakle/status/811318055305433088"
"girishamitabh"	"2016-12-20 23:34"	1	1	"@SirJadeja yeh rahe sabut fad ke fek diye :P #विपक्ष_का_पत्तासाफ #DeMonetisation pic.twitter.com/2FPPSEfmez"	""	"@SirJadeja"	"# #DeMonetisation"	"811271125841969152"	"https://twitter.com/girishamitabh/status/811271125841969152"
"ranashu"	"2016-12-20 23:06"	0	0	"What should drunkards do faced with prohibition and also #DeMonetisation :)) https://twitter.com/BiharEtv/status/811263059687862274 …"	""	""	"#DeMonetisation"	"811264114756493312"	"https://twitter.com/ranashu/status/811264114756493312"
"rami_malik"	"2016-12-20 22:56"	0	0	"@IndiaToday @rahulkanwal @meerasanyal Fallout or the benefit? Corrupt banking system being exposed is another positive of #DeMonetisation :)"	""	"@IndiaToday @rahulkanwal @meerasanyal"	"#DeMonetisation"	"811261465030250496"	"https://twitter.com/rami_malik/status/811261465030250496"
"agilewiz"	"2016-12-20 22:07"	0	0	"deposit form, reason to deposit your own money in your own account if you were caught napping :-) #modinama #DeMonetisation #modicracypic.twitter.com/IFwMaGafAc"	""	""	"#modinama #DeMonetisation #modicracypic"	"811249233663852545"	"https://twitter.com/agilewiz/status/811249233663852545"
"orphean_warbler"	"2016-12-20 21:14"	0	1	"Our Weekend Trip to Periyar cost about Rs. 4200/- for two, which included a one night stay at Periyar #Demonetization #Travel Fun it Was :)https://twitter.com/vvrobin/status/811230501138743296 …"	""	""	"#Demonetization #Travel"	"811235807335956480"	"https://twitter.com/orphean_warbler/status/811235807335956480"
"geetsun"	"2016-12-20 21:04"	0	0	"#DeMonetisation @ndtv @meerasanyal everyday new decisions ............really seems humorous now , the government's notifications :-)"	""	"@ndtv @meerasanyal"	"#DeMonetisation"	"811233274311876608"	"https://twitter.com/geetsun/status/811233274311876608"
"chirag_goud"	"2016-12-20 19:53"	0	0	"#demonetisation is over, let's talk something else :)"	""	""	"#demonetisation"	"811215329506508801"	"https://twitter.com/chirag_goud/status/811215329506508801"
"madnavin"	"2016-12-20 18:32"	0	0	"This from @krishashok on #demonetization is bloody brilliant. Never ceases to amaze me with the numerous awesome things that he pulls off :) https://twitter.com/krishashok/status/800772435029069825 …"	""	"@krishashok"	"#demonetization"	"811194968593174528"	"https://twitter.com/madnavin/status/811194968593174528"
"JayKay074"	"2016-12-20 17:38"	0	0	"Next @RBI rule on #DeMonetisation could be, deposit 2500 Rs by left hand and the other 2500 Rs by right hand :P @narendramodi @arunjaitley"	""	"@RBI @narendramodi @arunjaitley"	"#DeMonetisation"	"811181461936214016"	"https://twitter.com/JayKay074/status/811181461936214016"
"Gopi_Chimirala"	"2016-12-20 17:35"	0	0	"@sachin_rt Congratulations God.Even #TeamIndia doing exceptionally good post #DeMonetisation :)"	""	"@sachin_rt"	"#TeamIndia #DeMonetisation"	"811180722698485760"	"https://twitter.com/Gopi_Chimirala/status/811180722698485760"
"manikandanSar11"	"2016-12-20 17:22"	0	0	"#DeMonetisation எதுக்காக கொண்டு வந்தாங்கன்னு யாருக்காவது ஞாபகம் வந்தா சொல்லுங்க...first black money second terrorism then cashless.ect :)"	""	""	"#DeMonetisation"	"811177537715851265"	"https://twitter.com/manikandanSar11/status/811177537715851265"
"Aagan86"	"2016-12-20 16:45"	0	0	"My My! Even sitting BJP MPs speaking out against #DeMonetisation now! All well in BJP? :P"	""	""	"#DeMonetisation"	"811168198728916992"	"https://twitter.com/Aagan86/status/811168198728916992"
"HinduBharata"	"2016-12-20 14:46"	0	1	"@ashuji_ @viveklkw #Demonetization = एक खतरनाक मोड़ : ) @narendramodihttps://twitter.com/viveklkw/status/575237073369624577 …"	""	"@ashuji_ @viveklkw @narendramodihttps"	"#Demonetization"	"811138094418128896"	"https://twitter.com/HinduBharata/status/811138094418128896"
"gokulnk"	"2016-12-20 14:32"	0	1	"Working from ICICI Bank :P #Jio #DeMonetisation"	""	""	"#Jio #DeMonetisation"	"811134704237891584"	"https://twitter.com/gokulnk/status/811134704237891584"
"KapoorMaahi"	"2016-12-20 13:57"	3	3	"बीजेपी हार जाती तो #DeMonetisation की वजह से.. जीत गई क्योंकि आप चुनाव में थी ही नहीं...:)))) #ItAlwaysMeansSohttps://twitter.com/yrdeshmukh/status/811122106012405761 …"	""	""	"#DeMonetisation #ItAlwaysMeansSohttps"	"811125758387097600"	"https://twitter.com/KapoorMaahi/status/811125758387097600"
"deewidpak"	"2016-12-20 13:56"	0	0	"मुद्दतों बाद वो मिली भी तो बैंक में; :) अब यारों तुम ही बताओ मोहब्बत करते कि नोट बदलते! :P #demonetisation"	""	""	"#demonetisation"	"811125733942706176"	"https://twitter.com/deewidpak/status/811125733942706176"
"shobhitkapoor"	"2016-12-20 13:08"	0	0	"@SirJadeja someone please tell why AAP ( AAM GADHA PARTY ) has not participated in Election :) #DeMonetisation"	""	"@SirJadeja"	"#DeMonetisation"	"811113654523334657"	"https://twitter.com/shobhitkapoor/status/811113654523334657"
"atbbk"	"2016-12-20 13:05"	0	2	"Back from Union Bank @UnionBankTweets V.Ngr #Pune branch. Self Cheque withdrawl time less than 15 Min :) #DeMonetisation"	""	"@UnionBankTweets"	"#Pune #DeMonetisation"	"811112720489582592"	"https://twitter.com/atbbk/status/811112720489582592"
"SamvartikaM"	"2016-12-20 13:02"	0	1	"#twitter asks me whats happening? #DeMonetisation is happening twitter -_- and, hence #life is not happening... being #broke with #money :)"	""	""	"#twitter #DeMonetisation #life #broke #money"	"811111974985568257"	"https://twitter.com/SamvartikaM/status/811111974985568257"
"entrepreneur987"	"2016-12-20 12:52"	2	11	"#DeMonetisation is the 'IN' thing nowadays :P https://twitter.com/ANI_news/status/811075938326675456 …"	""	""	"#DeMonetisation"	"811109446256500737"	"https://twitter.com/entrepreneur987/status/811109446256500737"
"nbrengaraju"	"2016-12-20 12:37"	0	1	"@TimesNow Alleged Intellectuals& media will now find ways2explain this victory of @BJP4India & SAD as not a referendum on #DeMonetisation :)"	""	"@TimesNow @BJP4India"	"#DeMonetisation"	"811105656992243714"	"https://twitter.com/nbrengaraju/status/811105656992243714"
"amitabhnigam"	"2016-12-20 12:11"	0	1	"#DeMonetisation DEMONETISATION= ESTIMATED ONION, anagrammatically....bahut rulaya :)"	""	""	"#DeMonetisation"	"811099105086861312"	"https://twitter.com/amitabhnigam/status/811099105086861312"
"GreatSnakes"	"2016-12-20 11:52"	0	0	"All we needed was 4000. :) #DeMonetisation https://twitter.com/timesofindia/status/811086510493532161 …"	""	""	"#DeMonetisation"	"811094437044494337"	"https://twitter.com/GreatSnakes/status/811094437044494337"
"Jkhirolkar"	"2016-12-20 11:28"	0	2	"Something good coming out of #DeMonetisation!! Govt May Raise Income Tax Exemption Limit :) ... http://www.news18.com/news/business/post-demonetisation-govt-may-raise-income-tax-exemption-limit-1324957.html …"	""	""	"#DeMonetisation"	"811088249217253376"	"https://twitter.com/Jkhirolkar/status/811088249217253376"
"bLazyThinkCrazy"	"2016-12-20 11:18"	0	0	"kya mast logo ko advance mein bta ke #DeMonetisation karte hain pak wale :D https://twitter.com/timesofindia/status/811076505379827712 …"	""	""	"#DeMonetisation"	"811085771062947840"	"https://twitter.com/bLazyThinkCrazy/status/811085771062947840"
"nayanchandra"	"2016-12-20 11:13"	0	0	"https://twitter.com/ANI_news/status/811080859667177473 ….. #DeMonetisation Side Effect .. :) @TajinderBagga ."	""	"@TajinderBagga"	"#DeMonetisation"	"811084496196009984"	"https://twitter.com/nayanchandra/status/811084496196009984"
"Twitvention"	"2016-12-20 11:08"	0	1	"Can't believe this top read has come out of the Scroll stable. Who's India is it anyway :) #DeMonetisation http://ln.is/scroll.in/article/82/CfDeO …"	""	""	"#DeMonetisation"	"811083208385298432"	"https://twitter.com/Twitvention/status/811083208385298432"
"lalitsurana"	"2016-12-20 10:56"	0	0	"Is This Good Past (Before 30.12.2016) #DeMonetisation And #5000limit ? Please RT For Better Results... :)"	""	""	"#DeMonetisation #5000limit"	"811080215996743680"	"https://twitter.com/lalitsurana/status/811080215996743680"
"tanushree601"	"2016-12-20 10:52"	0	0	"@kaul_vivek #DeMonetisation ke din, yaani paisa vasooli ke din :)"	""	"@kaul_vivek"	"#DeMonetisation"	"811079269996580864"	"https://twitter.com/tanushree601/status/811079269996580864"
"geoneld"	"2016-12-20 10:46"	0	0	"#Demonetization has brought the ration shop upon us once again. :D"	""	""	"#Demonetization"	"811077818121490432"	"https://twitter.com/geoneld/status/811077818121490432"
"navneethsundar"	"2016-12-20 09:36"	0	1	"Great News :) #DeMonetisation @PMOIndiahttp://www.livemint.com/Politics/p9VrQTy6jY4Cs4H6CqpbZO/Note-ban-breaks-the-backbone-of-Rs20-trillion-trafficking-in.html …"	""	"@PMOIndiahttp"	"#DeMonetisation"	"811060232700891136"	"https://twitter.com/navneethsundar/status/811060232700891136"
"FunDooBreak"	"2016-12-20 09:14"	0	0	"#DeMonetization effect, stood for 1 1/2 days to get 300s :-) , but it's worth it, proud of you my dear Karun Nair"	""	""	"#DeMonetization"	"811054726376587269"	"https://twitter.com/FunDooBreak/status/811054726376587269"
"saysatheesh"	"2016-12-20 08:52"	0	0	"@lakschumi I support #Demonetisation tag missing :)"	""	"@lakschumi"	"#Demonetisation"	"811049076389134336"	"https://twitter.com/saysatheesh/status/811049076389134336"
"Vidyut"	"2016-12-20 08:43"	8	10	"IDEA!!!! We need an e-food appeveryone can install and grow e-crops and eat till they are e-stuffed. #DeMonetisation problem solved :)"	""	""	"#DeMonetisation"	"811046897330700289"	"https://twitter.com/Vidyut/status/811046897330700289"
"Shahan_ambadi"	"2016-12-20 08:43"	0	0	"ഇതിപ്പോ ഒരു മാസത്തിനും കൂടുതൽ ആയില്ലേ.ഇപ്പഴും ATM തോറും കേറി ഇറങ്ങുന്നു.എവിടെയും ഇല്ല ക്യാഷ്. #DeMonetisation #DigitalTransformation :p"	""	""	"#DeMonetisation #DigitalTransformation"	"811046838744727552"	"https://twitter.com/Shahan_ambadi/status/811046838744727552"
"All_Gods_chldrn"	"2016-12-20 07:52"	0	0	"@akshaymore, #Demonitization, #demonetization, #5000limit ,Wait & Watch my Friend! This Guy, Modi has no half measures-:) Indian Eco. soars!"	""	"@akshaymore"	"#Demonitization #demonetization #5000limit"	"811033910293495808"	"https://twitter.com/All_Gods_chldrn/status/811033910293495808"
"nellaiseemai"	"2016-12-20 07:11"	0	0	"#RBI Probably Changes Rules More Frequently Than You Visit The #ATM :)) about #DeMonetisation and its aftermath @business @BloombergQuinthttps://twitter.com/BloombergQuint/status/810960402498498560 …"	""	"@business @BloombergQuinthttps"	"#RBI #ATM #DeMonetisation"	"811023681207971840"	"https://twitter.com/nellaiseemai/status/811023681207971840"
"All_Gods_chldrn"	"2016-12-20 06:22"	0	0	"#DeMonetisation, #Demonitization #cashchaos, #5000limit,TY PM for not listening to the Krugmans of the wrld who utterly failed us in 2008-:)"	""	""	"#DeMonetisation #Demonitization #cashchaos #5000limit"	"811011358242304002"	"https://twitter.com/All_Gods_chldrn/status/811011358242304002"
"All_Gods_chldrn"	"2016-12-20 05:30"	0	0	"#DeMonetisation, #Demonitization #cashchaos,#5000limit,True, @narendramodi is no Santa! IF u believe xtian story, no one is Jesus either-:)"	""	"@narendramodi"	"#DeMonetisation #Demonitization #cashchaos #5000limit"	"810998167273607168"	"https://twitter.com/All_Gods_chldrn/status/810998167273607168"
"tambrahmist"	"2016-12-21 23:47"	0	1	"@pratik_shah Haha twitter is the only one allowed. Need it for #DeMonetisation news. :P"	""	"@pratik_shah"	"#DeMonetisation"	"811636675465990144"	"https://twitter.com/tambrahmist/status/811636675465990144"
"anuragkumarlko"	"2016-12-21 23:10"	0	0	"#DeMonetisation gives a priceless opportunity to start conversation with hot ladies in banks : tried it four times so far :-)"	""	""	"#DeMonetisation"	"811627461217660928"	"https://twitter.com/anuragkumarlko/status/811627461217660928"
"reinventlife24"	"2016-12-21 22:55"	0	0	"against my 2k note bcoz apparently he dint have #Paytm or #POS was a sight to remember :D 2/2 #DeMonetisation"	""	""	"#Paytm #POS #DeMonetisation"	"811623760474292224"	"https://twitter.com/reinventlife24/status/811623760474292224"
"SAILsteel"	"2016-12-21 21:44"	5	11	"Do you have a #cashless story to tell? Come share it with us :) #IamSAIL #DeMonetisation @ChBirenderSingh @SteelMinIndiahttps://twitter.com/SPrahladan/status/811604983166668801 …"	""	"@ChBirenderSingh @SteelMinIndiahttps"	"#cashless #IamSAIL #DeMonetisation"	"811605687365206017"	"https://twitter.com/SAILsteel/status/811605687365206017"
"MituSamar"	"2016-12-21 21:38"	0	1	"Both witty n appropriate description of #DeMonetisation @talktosanjai :)https://twitter.com/talktosanjai/status/811584260482052096 …"	""	"@talktosanjai"	"#DeMonetisation"	"811604280897630212"	"https://twitter.com/MituSamar/status/811604280897630212"
"TheSNFD"	"2016-12-21 21:20"	0	1	"@sardesairajdeep @IndiaToday ha ha ha ... dosent it sound like my baby just started walking, dnt laugh if he fall :-) #DeMonetisation"	""	"@sardesairajdeep @IndiaToday"	"#DeMonetisation"	"811599807311548416"	"https://twitter.com/TheSNFD/status/811599807311548416"
"WithRitesh"	"2016-12-21 21:01"	0	0	"@RonBeaubien Ask people in #India after #DeMonetisation :) "	""	"@RonBeaubien"	"#India #DeMonetisation"	"811594931802292224"	"https://twitter.com/WithRitesh/status/811594931802292224"
"kspilani"	"2016-12-21 19:34"	0	0	"#Demonetization can't please everyone. Especially on twitter :)"	""	""	"#Demonetization"	"811573000533200896"	"https://twitter.com/kspilani/status/811573000533200896"
"ThatCanonDude"	"2016-12-21 19:05"	0	0	"Seems the government is following Agile development approach in #Demonetization but the output is worse than Waterfall approach :D"	""	""	"#Demonetization"	"811565737051463680"	"https://twitter.com/ThatCanonDude/status/811565737051463680"
"shivamkaushal24"	"2016-12-21 19:04"	0	0	"Wo log bahut khush kishmat the jo ishq ko kaaam samjhte the ... Humra kaam to ab note badalna ho gaya hai :p #FAIZ #DeMonetisation"	""	""	"#FAIZ #DeMonetisation"	"811565505584644096"	"https://twitter.com/shivamkaushal24/status/811565505584644096"
"Vidyut"	"2016-12-21 17:58"	2	2	"Like Modi disappeared from newspaper front pages after #DeMonetisation :p https://twitter.com/sidagarwal/status/811548641944944640 …"	""	""	"#DeMonetisation"	"811548795582328832"	"https://twitter.com/Vidyut/status/811548795582328832"
"Aakanksha_A_A"	"2016-12-21 17:50"	0	0	"Hey Bhagwan! #DeMonetisation :D :P https://twitter.com/MANJULtoons/status/811383188119519234 …"	""	""	"#DeMonetisation"	"811546967117479936"	"https://twitter.com/Aakanksha_A_A/status/811546967117479936"
"jamewils"	"2016-12-21 17:37"	9	10	"Sell this to Emperor as new spin for #DeMonetisation. He will definitely be impressed :P https://twitter.com/92165rahul/status/811542326350934016 …"	""	""	"#DeMonetisation"	"811543614325080064"	"https://twitter.com/jamewils/status/811543614325080064"
"rami_malik"	"2016-12-21 17:04"	0	0	"@mohitbhardwaj23 @KirtiAzadMP @arunjaitley @sherryontopp @Swamy39 Excitement of #DeMonetisation success :D"	""	"@mohitbhardwaj23 @KirtiAzadMP @arunjaitley @sherryontopp @Swamy39"	"#DeMonetisation"	"811535354847117313"	"https://twitter.com/rami_malik/status/811535354847117313"
"IamSharifur"	"2016-12-21 16:14"	0	0	"Still 9 days left Sahab ji ...:) #DeMonetisation https://twitter.com/ahmedpatel/status/811471284890529792 …"	""	""	"#DeMonetisation"	"811522801819521024"	"https://twitter.com/IamSharifur/status/811522801819521024"
"Tweets_CS"	"2016-12-21 15:27"	0	0	"#DeMonetisation too is a #surgicalstrike :-)https://twitter.com/captraman/status/811510134287405056 …"	""	""	"#DeMonetisation #surgicalstrike"	"811510782303170560"	"https://twitter.com/Tweets_CS/status/811510782303170560"
"aSmallVice"	"2016-12-21 15:22"	0	0	"RBI has become the new Dolores Umbridge! Everyday a new decree! :D #HarryPotter #Demonetisation http://www.livemint.com/Politics/zBGiIMobqaBMv9cDC26MdI/Rs5000-cash-deposit-limit-removed-for-KYC-compliant-account.html …"	""	""	"#HarryPotter #Demonetisation"	"811509623710621696"	"https://twitter.com/aSmallVice/status/811509623710621696"
"ankit_caeser"	"2016-12-21 15:01"	0	0	"this is d best one i have heard since #DeMonetisation .. Reserve bank of india becomes Reverse bank of India !! #demonetised :))"	""	""	"#DeMonetisation #demonetised"	"811504249188192256"	"https://twitter.com/ankit_caeser/status/811504249188192256"
"najam_saqib"	"2016-12-21 14:58"	0	0	"Black money holders (read common people), take note. Don't get confused, use your hands wisely. :D #DeMonetisation http://www.fakingnews.firstpost.com/india/first-2500-deposited-bank-left-hand-remaining-2500-right-hand-govt-new-5000-limit-rule-18682 …"	""	""	"#DeMonetisation"	"811503530984935424"	"https://twitter.com/najam_saqib/status/811503530984935424"
"HonestWordsOnly"	"2016-12-21 14:56"	0	0	"The speed in which @RBI is giving out updates with @arunjaitley ji, they could fail @Android or @io9 for that matter ! :-) #DeMonetisation !"	""	"@RBI @arunjaitley @Android @io9"	"#DeMonetisation"	"811503144819720193"	"https://twitter.com/HonestWordsOnly/status/811503144819720193"
"ranashu"	"2016-12-21 14:28"	0	0	"Govts should stop declaring villages cashless. No need. Villages r really going 'cashless' as villagers go jobless post #DeMonetisation :))"	""	""	"#DeMonetisation"	"811496067271245824"	"https://twitter.com/ranashu/status/811496067271245824"
"hemant8883"	"2016-12-21 13:26"	0	0	"@jhtrivedi #demonetization, #narendramodi, #arvindkejriwal Tweet Type karu Usse Pahele @RBI Ya @arunjaitley Koi Naya Rule La dete he :)"	""	"@jhtrivedi @RBI @arunjaitley"	"#demonetization #narendramodi #arvindkejriwal"	"811480442599682048"	"https://twitter.com/hemant8883/status/811480442599682048"
"thaver_mohamed"	"2016-12-21 13:21"	0	0	"About time bookies start accepting punts on the no of circulars that will be issued by RBI till this #DeMonetisation business is sorted :P"	""	""	"#DeMonetisation"	"811479233625255936"	"https://twitter.com/thaver_mohamed/status/811479233625255936"
"anuragkumarlko"	"2016-12-21 12:09"	0	0	"@sherineruth Yes due to the rush. Just like ATMs prior to #DeMonetisation no body even looked in their direction :-)"	""	"@sherineruth"	"#DeMonetisation"	"811461107726434304"	"https://twitter.com/anuragkumarlko/status/811461107726434304"
"kaustubh_agashe"	"2016-12-21 11:58"	11	22	"Before 8th Nov: Don't use phones at Petrol Pumps After 8th Nov: Pay at pumps using Paytm app on phone #Demonetisation is fire-proof?! :-)"	""	""	"#Demonetisation"	"811458226986201088"	"https://twitter.com/kaustubh_agashe/status/811458226986201088"
"basheerINC"	"2016-12-21 11:45"	0	0	"@braja_sinha @IndiaToday Since the #Demonetisation IT department has seized Rs3185 crore. Most of them belongs to BJP :p"	""	"@braja_sinha @IndiaToday"	"#Demonetisation"	"811455111453179904"	"https://twitter.com/basheerINC/status/811455111453179904"
"RajeshTheRF"	"2016-12-21 11:36"	0	0	"#Me (In Batman Tone): Tell Me, Do You Bleed? #Bhakts (In Vadivelu Tone): Nikkaama Poikitrukku! :D :P :D #Demonetization #TrueStory #RFpic.twitter.com/IasOnd7WoV"	""	""	"#Me #Bhakts #Demonetization #TrueStory #RFpic"	"811452828577386496"	"https://twitter.com/RajeshTheRF/status/811452828577386496"
"Rajeev_Sahu"	"2016-12-21 11:26"	1	2	"योजना आयोग के बाद मोदी जी ने नोटबंदी करके RBI का प्लास्टिक सर्जरी करके उसका 56 बना दिया :D #DeMonetisation pic.twitter.com/H51ahVoYvV"	""	""	"#DeMonetisation"	"811450258727145472"	"https://twitter.com/Rajeev_Sahu/status/811450258727145472"
"amartadi"	"2016-12-21 11:20"	1	0	"The limit will be removed, but where is the money in ATM's :) #DeMonetisation https://twitter.com/DeccanChronicle/status/811446962025152512 …"	""	""	"#DeMonetisation"	"811448740548517888"	"https://twitter.com/amartadi/status/811448740548517888"
"mathewscj07"	"2016-12-21 11:06"	0	1	"On your face , you Brits :) #brexit #DeMonetisation #IndiaDefeatsBlackMoney #proudtobeanindian #Manmohansinghhttp://timesofindia.indiatimes.com/india/for-the-first-time-in-nearly-150-years-indias-economy-surpasses-that-of-united-kingdom/articleshow/56064690.cms …"	""	""	"#brexit #DeMonetisation #IndiaDefeatsBlackMoney #proudtobeanindian #Manmohansinghhttp"	"811445106993545216"	"https://twitter.com/mathewscj07/status/811445106993545216"
"teenageee"	"2016-12-21 10:45"	0	0	"Post #DeMonetisation it's the bankers which are turning into villains than Govt/RBI :) https://twitter.com/invest_mutual/status/811411517820125184 …"	""	""	"#DeMonetisation"	"811440054795046912"	"https://twitter.com/teenageee/status/811440054795046912"
"nramesh001"	"2016-12-21 10:21"	0	0	"@ZeeNews @girikesavan but it is a show of solidarity with the aam aadmi (party) affected by #DeMonetisation :( :)"	""	"@ZeeNews @girikesavan"	"#DeMonetisation"	"811433846835023872"	"https://twitter.com/nramesh001/status/811433846835023872"
"vikingthakkar"	"2016-12-21 10:06"	0	2	"Changes in policy post #DeMonetisation tells me GoI is closely monitoring situation & improving GudMorny @laluprasadrjd Ji :) @EconomicTimes"	""	"@laluprasadrjd @EconomicTimes"	"#DeMonetisation"	"811429999211413504"	"https://twitter.com/vikingthakkar/status/811429999211413504"
"TONY_SDM"	"2016-12-21 10:05"	0	1	"you can't question Modi abt #DeMonetisation but yes you can question Saif abt his newborn baby name :) #MeraDeshBadalRahaHai #BhaktLogic"	""	""	"#DeMonetisation #MeraDeshBadalRahaHai #BhaktLogic"	"811429928948248576"	"https://twitter.com/TONY_SDM/status/811429928948248576"
"shuvankr"	"2016-12-21 09:16"	0	0	"Modi: Jaitley ne #DeMonetisation kiya, ek chata maarunga usse .. Jaitley : Woh kaunsi nayii baat hain mere liye :) https://twitter.com/varinder83brar/status/811255108801437697/photo/1pic.twitter.com/qnYb8vAGyo "	""	""	"#DeMonetisation"	"811417625037139968"	"https://twitter.com/shuvankr/status/811417625037139968"
"surinderxx"	"2016-12-21 09:11"	0	0	"Some of these are not really ∗required∗ like a 3g connection but still :) #DeMonetisation @asmita @nixxin pic.twitter.com/hcGlsaLdm4"	""	"@asmita @nixxin"	"#DeMonetisation"	"811416196591431680"	"https://twitter.com/surinderxx/status/811416196591431680"
"kaushikthallam"	"2016-12-21 08:59"	0	0	"Perfect example of #Oosarvelli changing words depends on situation & looks like real politician :p #Demonetisation https://goo.gl/EIwNhB pic.twitter.com/93VrN7FA62"	""	""	"#Oosarvelli #Demonetisation"	"811413271563513858"	"https://twitter.com/kaushikthallam/status/811413271563513858"
"Sunil_Kashmir"	"2016-12-21 08:33"	0	0	"This looks beautiful :) @narendramodi #DeMonetisation pic.twitter.com/d2dk1v90H0"	""	"@narendramodi"	"#DeMonetisation"	"811406697772171264"	"https://twitter.com/Sunil_Kashmir/status/811406697772171264"
"ranashu"	"2016-12-23 00:52"	0	1	"Koi lauta de mujhe beete huye din :)) pre #DeMonetisation days :))"	""	""	"#DeMonetisation"	"812015451861434368"	"https://twitter.com/ranashu/status/812015451861434368"
"vinodnarayan"	"2016-12-23 00:51"	0	1	"Modi says they did not change a comma or fullstop. that's a 'questionMark' trying to be straight :) #Modi #demonetization #ModiGovt"	""	""	"#Modi #demonetization #ModiGovt"	"812015193920192513"	"https://twitter.com/vinodnarayan/status/812015193920192513"
"chinmayicysun"	"2016-12-22 19:38"	0	0	"Mom's Are Cute!!!....... My Mom still excited about Punching keys on ATM, #Modi #Demonetisation made her go #Cashless. :D"	""	""	"#Modi #Demonetisation #Cashless"	"811936384336461825"	"https://twitter.com/chinmayicysun/status/811936384336461825"
"saurabhvadukia"	"2016-12-22 17:56"	0	0	"@chandru_ar This issue bigger than #DeMonetisation How can u not know this ?! :p"	""	"@chandru_ar"	"#DeMonetisation"	"811910704856862721"	"https://twitter.com/saurabhvadukia/status/811910704856862721"
"NoUllooBanoing"	"2016-12-22 17:53"	0	0	"#DeMonetisation has only increased corruption many folds @PMOIndia CC @AamAadmiParty We will fix-it @AAPPunjab2017 #60DaysToGo :)https://twitter.com/timesofindia/status/811909504774193152 …"	""	"@PMOIndia @AamAadmiParty @AAPPunjab2017"	"#DeMonetisation #60DaysToGo"	"811910082795487232"	"https://twitter.com/NoUllooBanoing/status/811910082795487232"
"i_amAzam"	"2016-12-22 17:38"	0	0	"RBI ka rule and Bhakton ka Chutiyapa , kabhi kam nhi hoga :D #DearModi #ClickTapGo #DroomHistory #DeMonetisation #cashless"	""	""	"#DearModi #ClickTapGo #DroomHistory #DeMonetisation #cashless"	"811906261520289792"	"https://twitter.com/i_amAzam/status/811906261520289792"
"NoUllooBanoing"	"2016-12-22 16:57"	1	0	"#DearModi is #MyDearestModi We Are All Screwed Now #DeMonetisation #MallyaAdaniAmbaniVadraSoniaISINawaaz :) CC @AamAadmiParty"	""	"@AamAadmiParty"	"#DearModi #MyDearestModi #DeMonetisation #MallyaAdaniAmbaniVadraSoniaISINawaaz"	"811895999522181120"	"https://twitter.com/NoUllooBanoing/status/811895999522181120"
"i_amAzam"	"2016-12-22 16:55"	0	0	"Dewa ki adaalat 5 baje start hoti ...Dewa #DeMonetisation ka koi result suna do ab :D #DearModi #Varanasi"	""	""	"#DeMonetisation #DearModi #Varanasi"	"811895482481938432"	"https://twitter.com/i_amAzam/status/811895482481938432"
"i_amAzam"	"2016-12-22 16:52"	1	0	"#DearModi rule pe rule rule pe rule , ye #DeMonetisation hai ya Sunny Deol ki film :D #Varanasi"	""	""	"#DearModi #DeMonetisation #Varanasi"	"811894723006767105"	"https://twitter.com/i_amAzam/status/811894723006767105"
"roopi08"	"2016-12-22 16:19"	0	0	"जरूरी सूचना - मोदीजी का एक छोटा सा विरोध आपको पाकिस्तान का नागरिक बना सकता है। जन हित में जारी :D #DeMonetisation #demonitisationdisaster"	""	""	"#DeMonetisation #demonitisationdisaster"	"811886256980303872"	"https://twitter.com/roopi08/status/811886256980303872"
"abhikm82"	"2016-12-22 14:23"	0	0	"#DeMonetisation Laluji calling PM: 'Twitter राजा' !!! That's the best line I've seen in feed :D"	""	""	"#DeMonetisation"	"811857193502785536"	"https://twitter.com/abhikm82/status/811857193502785536"
"olaprexa"	"2016-12-22 14:10"	0	0	"@dhaval241086 Probably #DeMonetisation effect :) @DilliDurAst"	""	"@dhaval241086 @DilliDurAst"	"#DeMonetisation"	"811853950890614784"	"https://twitter.com/olaprexa/status/811853950890614784"
"rami_malik"	"2016-12-22 13:28"	0	0	"Economist @laluprasadrjd says economy shattered due to #DeMonetisation :))"	""	"@laluprasadrjd"	"#DeMonetisation"	"811843395287130112"	"https://twitter.com/rami_malik/status/811843395287130112"
"AnkeshSaha"	"2016-12-22 13:00"	0	0	"First money withdrawal from ATM since first week of NOV. Never before felt so excited after withdrawing. :) #DeMonetisation pic.twitter.com/xaakJojbj0"	""	""	"#DeMonetisation"	"811836283001524224"	"https://twitter.com/AnkeshSaha/status/811836283001524224"
"Lavish"	"2016-12-22 12:17"	1	0	"Absolutely NO queues in private banks today, pre #Demonetisation level queues in SBI & other PSBs. The new normal of less cash is reality :)"	""	""	"#Demonetisation"	"811825427870269441"	"https://twitter.com/Lavish/status/811825427870269441"
"nadeemjafri"	"2016-12-22 11:56"	1	0	"I am not sure about #DeMonetisation but in such a rhetoric there is no one as good as him. I know this since over a decade now :). https://twitter.com/IndiaExplained/status/811819153711448064 …"	""	""	"#DeMonetisation"	"811820095093624832"	"https://twitter.com/nadeemjafri/status/811820095093624832"
"abhikhandelwal"	"2016-12-22 11:45"	0	0	"@saikatd Haha #Udaya us not prime factor... #DeMonetisation is bigger factor since people deposited old notes to clear their dues :)"	""	"@saikatd"	"#Udaya #DeMonetisation"	"811817468427694080"	"https://twitter.com/abhikhandelwal/status/811817468427694080"
"calamur"	"2016-12-22 11:32"	1	0	"4 hours left ... vote now :) #poll #DeMonetisation https://twitter.com/calamur/status/811150535092879360 …"	""	""	"#poll #DeMonetisation"	"811814200393666561"	"https://twitter.com/calamur/status/811814200393666561"
"c0mrade22"	"2016-12-22 11:08"	0	0	"#demonetisation Fire under ass but, still acting normal. Lol If u knw what I mean :P"	""	""	"#demonetisation"	"811808062461747200"	"https://twitter.com/c0mrade22/status/811808062461747200"
"SankhaneelB"	"2016-12-22 10:54"	0	0	"#DeMonetization Fearing defamation, BJP's learned @rsprasad has started using THEY instead of Congress & cites Rahul's Personal case. :)"	""	"@rsprasad"	"#DeMonetization"	"811804706989309952"	"https://twitter.com/SankhaneelB/status/811804706989309952"
"udaytharar"	"2016-12-22 10:37"	1	1	"Such humble rich #Indians :) Did #demonetization bring in such humility? https://twitter.com/pramit_b/status/811796087786745856 …"	""	""	"#Indians #demonetization"	"811800293654396928"	"https://twitter.com/udaytharar/status/811800293654396928"
"udaytharar"	"2016-12-22 10:33"	0	0	"@pramit_b Guess Indians have become more humble post #demonetization :)"	""	"@pramit_b"	"#demonetization"	"811799210764824578"	"https://twitter.com/udaytharar/status/811799210764824578"
"YashJourno_"	"2016-12-24 02:51"	0	0	"#DeMonetisation a #success largely!#Indians largely support it!pm #Modi should ensure a fair #Budget2017!#economy :)http://ln.is/scroll.in/article/82/4fOXm …"	""	""	"#DeMonetisation #success #Indians #Modi #Budget2017 #economy"	"812407746813460480"	"https://twitter.com/YashJourno_/status/812407746813460480"
"ichorepaka"	"2016-12-24 00:22"	0	0	"মনের কথা :P #ManKibaat #DeMonetisation #ichorepakapic.twitter.com/ovzSk0ZmgC"	""	""	"#ManKibaat #DeMonetisation #ichorepakapic"	"812370435211857920"	"https://twitter.com/ichorepaka/status/812370435211857920"
"sunilarab"	"2016-12-23 21:48"	0	0	"#NewsToday @sardesairajdeep has been bringing the right people @bibekdebroy on #Demonetisation & trust his fears have been assuaged :)"	""	"@sardesairajdeep @bibekdebroy"	"#NewsToday #Demonetisation"	"812331649459290112"	"https://twitter.com/sunilarab/status/812331649459290112"
"somnath1978"	"2016-12-23 20:29"	0	0	"india might confound sceptics, yet again. #DeMonetisation wont be as catastrophic as feared, either on economy or on black money!:) https://twitter.com/somnath1978/status/812308556678512640 …"	""	""	"#DeMonetisation"	"812311748111835137"	"https://twitter.com/somnath1978/status/812311748111835137"
"shuvankr"	"2016-12-23 19:49"	3	0	"Scamming The Tourist Out of India Through #DeMonetisation :) pic.twitter.com/ARomG0Fs6k"	""	""	"#DeMonetisation"	"812301717173719040"	"https://twitter.com/shuvankr/status/812301717173719040"
"IamKushalk"	"2016-12-23 18:45"	0	0	"The best entertaining movie of the year 2016 was #Demonetisation , great one! Directed by.... :)"	""	""	"#Demonetisation"	"812285617639923712"	"https://twitter.com/IamKushalk/status/812285617639923712"
"ChandaDebabrata"	"2016-12-23 18:09"	0	0	"@harsh8848 ha ha,to defend #demonetisation some people r trying to establish with fake figures demoneisation helping growth in business :))"	""	"@harsh8848"	"#demonetisation"	"812276360391471104"	"https://twitter.com/ChandaDebabrata/status/812276360391471104"
"RajeevS_"	"2016-12-23 17:57"	1	0	"Just saw this at #Ghaziabad Rly Stn :-) Common people like #MohammadAli are supporting #DeMonetisation, & thanking @PMOIndia @narendramodipic.twitter.com/D5mO2d9zX3"	""	"@PMOIndia @narendramodipic"	"#Ghaziabad #MohammadAli #DeMonetisation"	"812273326563487745"	"https://twitter.com/RajeevS_/status/812273326563487745"
"JangleeBilla"	"2016-12-23 17:38"	0	0	"@imMAK02 @Shehla_Rashid Unable to make a bomb? Cannot buy the materials because of #DeMonetisation :-))"	""	"@imMAK02 @Shehla_Rashid"	"#DeMonetisation"	"812268704423497731"	"https://twitter.com/JangleeBilla/status/812268704423497731"
"ashimpurohit18"	"2016-12-23 16:43"	0	0	"@rubiaabrar But do you know what the question was and how it is related to #DeMonetisation? Btw she's not a chamchi.. just following the protocol :)"	""	"@rubiaabrar"	"#DeMonetisation"	"812254826855886849"	"https://twitter.com/ashimpurohit18/status/812254826855886849"
"varunan"	"2016-12-23 16:40"	0	0	"@jamewils even if they want to So the next jhumla is #DeMonetisation is for upping Savings rate of Indians. You heard it here first :) 2/2"	""	"@jamewils"	"#DeMonetisation"	"812254006198222848"	"https://twitter.com/varunan/status/812254006198222848"
"mgrg7"	"2016-12-23 16:23"	2	2	"#AK_In_Rajasthan Waiting for video.Though by now we all know the contents of the speech by heart :-) #DeMonetisation #NPA #SaharaBirlahttps://twitter.com/AAPExpress/status/812220984237428737 …"	""	""	"#AK_In_Rajasthan #DeMonetisation #NPA #SaharaBirlahttps"	"812249857608007680"	"https://twitter.com/mgrg7/status/812249857608007680"
"saileenas"	"2016-12-23 15:26"	0	0	":)> Nothing political: Bengali director is first to make movie on #demonetisation via @htTweetshttp://www.hindustantimes.com/kolkata/bengali-director-makes-film-on-demonetisation-drive/story-V5AgOHUPTpnF7xkDFGtZnI.html …"	""	"@htTweetshttp"	"#demonetisation"	"812235363498373120"	"https://twitter.com/saileenas/status/812235363498373120"
"SuchiSmile"	"2016-12-23 15:14"	0	1	"Abki baar moody Sarkar! :D #ReverseBankofIndia #ReverseRobinhood #DeMonetisation #currentmood #CashlessTransactions"	""	""	"#ReverseBankofIndia #ReverseRobinhood #DeMonetisation #currentmood #CashlessTransactions"	"812232468069613572"	"https://twitter.com/SuchiSmile/status/812232468069613572"
"8ap"	"2016-12-23 15:01"	0	0	"First time waiting in front of an ATM after #DeMonetisation . just to feel the part :)"	""	""	"#DeMonetisation"	"812229239219032065"	"https://twitter.com/8ap/status/812229239219032065"
"Rajender_Shimla"	"2016-12-23 14:45"	1	0	"कैसे कैसे लोग है दुनिया में , जिनको मालूम ही नहीं नोटबंदी तो देशहित के लिए होती है :P ? #Demonetisation: “What... http://fb.me/4AJ7TOY5x "	""	""	"#Demonetisation"	"812225222304632832"	"https://twitter.com/Rajender_Shimla/status/812225222304632832"
"crazyrals"	"2016-12-23 14:32"	0	0	"If it's too early to judge impact, then wasn't it too early to heave praises on PM for #DeMonetisation move??? Double speak by Pai :) https://twitter.com/TVMohandasPai/status/811918540726931456 …"	""	""	"#DeMonetisation"	"812221731414937601"	"https://twitter.com/crazyrals/status/812221731414937601"
"ChandaDebabrata"	"2016-12-23 12:38"	1	0	"Situation not turning out good for #AmirKhan even after supporting PM's #demonetisation bhakts still , campaigning against #Dangal :)"	""	""	"#AmirKhan #demonetisation #Dangal"	"812193244087889920"	"https://twitter.com/ChandaDebabrata/status/812193244087889920"
"UttarandhraNow"	"2016-12-23 11:20"	0	0	"Spent sleepless night after #DeMonetisation says @ncbn :)pic.twitter.com/0oqgdC7KYV"	""	"@ncbn"	"#DeMonetisation"	"812173534520717312"	"https://twitter.com/UttarandhraNow/status/812173534520717312"
"sureshkumar87"	"2016-12-23 10:43"	0	0	"#DeMonetisation - Behind the scenes. :D https://twitter.com/TheUnRealTimes/status/812126687215251461 …"	""	""	"#DeMonetisation"	"812164301272121344"	"https://twitter.com/sureshkumar87/status/812164301272121344"
"ravinathd"	"2016-12-23 09:12"	0	1	"This calendar is a game changer. Surgical strike on everyone's eyes :p #demonetization https://twitter.com/MIB_India/status/811813728349876225 …"	""	""	"#demonetization"	"812141303156928512"	"https://twitter.com/ravinathd/status/812141303156928512"
"TheSwamy"	"2016-12-23 08:42"	1	0	"@valwagoner Step-function changes going on in #India post #demonetization - people earning $200/mo spending 30% digitally in month 1 :)"	""	"@valwagoner"	"#India #demonetization"	"812133653140500481"	"https://twitter.com/TheSwamy/status/812133653140500481"
"shantiisonline"	"2016-12-23 05:41"	0	0	":D #SantaClaus #Santa #Modi #Demonitization #Money #AtulKhatri #NarendraModi #DhanKiBaat #DeMonetisation pic.twitter.com/jfdMBNOH6O"	""	""	"#SantaClaus #Santa #Modi #Demonitization #Money #AtulKhatri #NarendraModi #DhanKiBaat #DeMonetisation"	"812088258968555520"	"https://twitter.com/shantiisonline/status/812088258968555520"
"Vande_Mataram"	"2016-12-25 01:28"	2	3	"This is why we #Bhakts say #56InchROCKS :) #NaMoNamah Pune Metro Project #VikasPurush #PMModiInPune #DeMonetisation #पप्पू_पागल_हैpic.twitter.com/JvIPi5zpn6"	""	""	"#Bhakts #56InchROCKS #NaMoNamah #VikasPurush #PMModiInPune #DeMonetisation #"	"812749372026945536"	"https://twitter.com/Vande_Mataram/status/812749372026945536"
"Vande_Mataram"	"2016-12-25 01:04"	0	1	"Yo Corrupt... you have been warned! :) #NaMoNamah Pune Metro Project #VikasPurush #PMModiInPune #DeMonetisation #पप्पू_पागल_हैpic.twitter.com/xsBYfLiNh0"	""	""	"#NaMoNamah #VikasPurush #PMModiInPune #DeMonetisation #"	"812743199227834369"	"https://twitter.com/Vande_Mataram/status/812743199227834369"
"MastaniKantabai"	"2016-12-25 00:43"	0	0	"Actions of #CurrentPM arent very sober :P <Sigh> #DeMonetisation @IndiaSpeaksPR @coolfunnytshirt"	""	"@IndiaSpeaksPR @coolfunnytshirt"	"#CurrentPM #DeMonetisation"	"812737938291302400"	"https://twitter.com/MastaniKantabai/status/812737938291302400"
"Sounika007"	"2016-12-25 00:22"	0	0	"The coundown begins #demonetisation :P"	""	""	"#demonetisation"	"812732693804818432"	"https://twitter.com/Sounika007/status/812732693804818432"
"krisant007"	"2016-12-24 23:17"	0	0	"#demonetization hatsoff to the officials involved in cracking this operation :) Nation is proud of you :) https://twitter.com/EconomicTimes/status/812711947695030273 …"	""	""	"#demonetization"	"812716386384429056"	"https://twitter.com/krisant007/status/812716386384429056"
"dr_rajpurohit"	"2016-12-24 23:12"	1	0	"@bsindia But Modi Ji & company says that #demonetisation was 'top secret' and that even FM Jaitely was not aware! :) https://twitter.com/bsindia/status/812526868830138368 …"	""	"@bsindia"	"#demonetisation"	"812715039589220352"	"https://twitter.com/dr_rajpurohit/status/812715039589220352"
"SMB06"	"2016-12-24 23:08"	0	1	"#MerryChristmas, India style :) #DeMonetisation https://twitter.com/vasudevan_k/status/812710580083519488 …"	""	""	"#MerryChristmas #DeMonetisation"	"812714149239197696"	"https://twitter.com/SMB06/status/812714149239197696"
"shuvankr"	"2016-12-24 19:55"	0	0	"Thanks to #DeMonetisation Many Former @narendramodi Bhakts are singing this song :)https://youtu.be/E8gmARGvPlI "	""	"@narendramodi"	"#DeMonetisation"	"812665555505192960"	"https://twitter.com/shuvankr/status/812665555505192960"
"Isudipto_b"	"2016-12-24 18:58"	0	1	"Aakhri Baat Public hi bolte hai, bhakts nehi. #Oscar_should_get_Dangal :P #DeMonetisation tumhari aisi ki taisi.. All hail to @aamir_khanhttps://twitter.com/Bollyhungama/status/812199297521360897 …"	""	"@aamir_khanhttps"	"#Oscar_should_get_Dangal #DeMonetisation"	"812651118375206912"	"https://twitter.com/Isudipto_b/status/812651118375206912"
"ranga_swamy"	"2016-12-24 18:46"	4	3	"Don't know if #DeMonetisation has destroyed counterfeiting,black money& terrorism. But it has shown real face of Indian banking system :) https://twitter.com/inquestioner/status/812213597224849409 …"	""	""	"#DeMonetisation"	"812648176763027458"	"https://twitter.com/ranga_swamy/status/812648176763027458"
"chaitanya_hk"	"2016-12-24 17:56"	1	0	"#DeMonetisation se Kisi ka bhala ho na ho..News Channels ka year end jabardast bana Diya.. News k liye kahi Jana hi nahi pad raha.. :)"	""	""	"#DeMonetisation"	"812635439613898753"	"https://twitter.com/chaitanya_hk/status/812635439613898753"
"sougatab"	"2016-12-24 17:51"	0	0	"Some of them might just be true one day :) #demonetisation https://twitter.com/fakingnews/status/812613652893220864 …"	""	""	"#demonetisation"	"812634199756836865"	"https://twitter.com/sougatab/status/812634199756836865"
"dewcool2"	"2016-12-24 14:35"	0	1	"@ModyUniversity #ChirstmasGiftGoesTo To my mom as due to #Demonetization she faces a lot of problems Mobile wallet ease her shopping :)"	""	"@ModyUniversity"	"#ChirstmasGiftGoesTo #Demonetization"	"812584928218972160"	"https://twitter.com/dewcool2/status/812584928218972160"
"kquester"	"2016-12-24 13:35"	1	1	"Effect of #demonetisation !! #Vendors on the roadside #street going #cashless :-) e-wallet… https://www.instagram.com/p/BOZHiKGBWWA/ "	""	""	"#demonetisation #Vendors #street #cashless"	"812569802015285248"	"https://twitter.com/kquester/status/812569802015285248"
"NazirQureshi"	"2016-12-24 13:28"	3	7	"Our PM Fighting #Corruption :) #DeMonetisation #DeMonetisationDisaster @Maddy_Saheb @Sahil_357 @naam_pk @OfficeOfArjunpic.twitter.com/EUimXbbNmO"	""	"@Maddy_Saheb @Sahil_357 @naam_pk @OfficeOfArjunpic"	"#Corruption #DeMonetisation #DeMonetisationDisaster"	"812568160553631744"	"https://twitter.com/NazirQureshi/status/812568160553631744"
"riswanris2009"	"2016-12-24 13:24"	0	0	"I'm waiting #December 28 #Modi #DeMonetisation :) but #nochange all ppls waiting in bank entrance for taking own money"	""	""	"#December #Modi #DeMonetisation #nochange"	"812567188376788992"	"https://twitter.com/riswanris2009/status/812567188376788992"
"deva0203"	"2016-12-24 11:45"	0	0	"Makes a lot of sense to me.. we have witnessed this change in past. Indians indeed are most adaptable :) effect of #DeMonetisation ? https://twitter.com/rupasubramanya/status/812506188415832064 …"	""	""	"#DeMonetisation"	"812542152995573760"	"https://twitter.com/deva0203/status/812542152995573760"
"gyaanisays"	"2016-12-24 07:38"	0	0	"Axis Bank should introduce 'KYE' instead of 'KYC' norms. KYE= Know your Employee. :D :D #DeMonetisation #AxisBank"	""	""	"#DeMonetisation #AxisBank"	"812479945998004224"	"https://twitter.com/gyaanisays/status/812479945998004224"
"BansodSada"	"2016-12-24 06:04"	0	0	"@yashukanpur @MrsGandhi यदि @aamir_khan #DeMonetisation का विरोध करते, तो क्या #दंगल सुपरहिट होती? :)"	""	"@yashukanpur @MrsGandhi @aamir_khan"	"#DeMonetisation #"	"812456400408281088"	"https://twitter.com/BansodSada/status/812456400408281088"
"vivfranci2302"	"2016-12-25 22:55"	0	0	"@narendramodi I support your stance on e-payments and #DeMonetisation . Thank you :)"	""	"@narendramodi"	"#DeMonetisation"	"813073233595469824"	"https://twitter.com/vivfranci2302/status/813073233595469824"
"Jaw_Knock"	"2016-12-25 21:20"	1	1	"Epic effect of #DeMonetisation #santaclaus in ATM line!! :)pic.twitter.com/lyYHvp3iLH"	""	""	"#DeMonetisation #santaclaus"	"813049218285768704"	"https://twitter.com/Jaw_Knock/status/813049218285768704"
"pchoudhary64"	"2016-12-25 18:09"	0	2	"मैं समझ सकता हूँ। मुझ पीड़ा हो रही है आप विदेश भ्रमण नहीं कर पा रहे हो और #DeMonetisation के कारण आपको भी कैश की कमी हो गई है :p https://twitter.com/PMOIndia/status/812897769702576128 …"	""	""	"#DeMonetisation"	"813001124819177473"	"https://twitter.com/pchoudhary64/status/813001124819177473"
"naveenraj_m"	"2016-12-25 16:53"	0	1	"@ashishwheelster @EAFIFAMOBILE sahi bath , u can get a whole lot of stuff in 6.5k Rs.That too in #DeMonetisation here ,every Rs important :)"	""	"@ashishwheelster @EAFIFAMOBILE"	"#DeMonetisation"	"812982019575705600"	"https://twitter.com/naveenraj_m/status/812982019575705600"
"Pallav01"	"2016-12-25 16:34"	1	1	"Merry Xmas from our desi santa! #DeMonetisation #cashless #xmas ! Santa please give me cash , no presents please :)pic.twitter.com/M0fCE8PcZT"	""	""	"#DeMonetisation #cashless #xmas"	"812977276669161477"	"https://twitter.com/Pallav01/status/812977276669161477"
"phanishankar"	"2016-12-25 16:20"	0	0	"@singh_dr #DeMonetisation effect :D"	""	"@singh_dr"	"#DeMonetisation"	"812973873859858432"	"https://twitter.com/phanishankar/status/812973873859858432"
"chaat_pakodi"	"2016-12-25 16:18"	0	0	"Meanwhile #santaclaus in #India :D #DeMonetisation #merrychristmaspic.twitter.com/HTTuwk6Goo"	""	""	"#santaclaus #India #DeMonetisation #merrychristmaspic"	"812973396329775104"	"https://twitter.com/chaat_pakodi/status/812973396329775104"
"sachdeva_pankaj"	"2016-12-25 14:43"	0	1	"#Demonetisation problems. Dulhe ki saali version :D pic.twitter.com/lNDovffYXA"	""	""	"#Demonetisation"	"812949460997148672"	"https://twitter.com/sachdeva_pankaj/status/812949460997148672"
"augustfun"	"2016-12-25 14:35"	0	0	"Hot single ATM's in your area but no money :) #Demonetisation"	""	""	"#Demonetisation"	"812947369826230273"	"https://twitter.com/augustfun/status/812947369826230273"
"LoojhCannon"	"2016-12-25 13:43"	0	0	"#Demonetisation.. An exercise in futility? p.s: I actually did all the math myself. :D :P http://www.sakaaltimes.com/NewsDetails.aspx?NewsId=5207443320053007777&SectionId=4861338933482912746&SectionName=Blog&NewsTitle=Reading%20between%20the%20lines%20in%20the%20times%20of%20demonetisation …pic.twitter.com/wEgIRUer1m"	""	""	"#Demonetisation"	"812934381132054529"	"https://twitter.com/LoojhCannon/status/812934381132054529"
"FeetApartHealth"	"2016-12-25 12:19"	1	3	"We wish you a Merry Christmas! :) #MerryChristmasEveryone #SeasonsGreetings #DeMonetisation #LiveLaughLovepic.twitter.com/ZfeKOZ0TeE"	""	""	"#MerryChristmasEveryone #SeasonsGreetings #DeMonetisation #LiveLaughLovepic"	"812913102857629696"	"https://twitter.com/FeetApartHealth/status/812913102857629696"
"_NAN_DINI"	"2016-12-25 11:15"	1	8	"If I was his mother, for his sake, I would send him off on a long holiday, hide him from the world :-) #DeMonetisation #Nagasaki #Hiroshima"	""	""	"#DeMonetisation #Nagasaki #Hiroshima"	"812896907655659520"	"https://twitter.com/_NAN_DINI/status/812896907655659520"
"gorasambli"	"2016-12-27 00:34"	0	0	"One of the biggest casualty of #DeMonetisation is death of words like Khokha and Peti. :-) Jan dhan"	""	""	"#DeMonetisation"	"813460523966570496"	"https://twitter.com/gorasambli/status/813460523966570496"
"PSKdVic"	"2016-12-26 23:03"	0	0	"#DeMonetisation ...not a big problem...100 ka hi to use hota hai :P #MiddleClassIssues"	""	""	"#DeMonetisation #MiddleClassIssues"	"813437560944922624"	"https://twitter.com/PSKdVic/status/813437560944922624"
"shahriyarali"	"2016-12-26 21:25"	0	0	"To all my followers who praise #DeMonetisation, you guys are fools! :)"	""	""	"#DeMonetisation"	"813412992662564864"	"https://twitter.com/shahriyarali/status/813412992662564864"
"4change_sayi"	"2016-12-26 20:13"	0	0	"@msisodia Sir, It will take years RaGa 2 read full. 2day only he realized that #demonetisation corns will long last after 30 December :) https://twitter.com/msisodia/status/813361223391531011 …"	""	"@msisodia"	"#demonetisation"	"813394786333798400"	"https://twitter.com/4change_sayi/status/813394786333798400"
"rohitvishwakarm"	"2016-12-26 19:21"	0	1	"#NoteBandi at its best :) .... #digitalpayments #DeMonetisation #swachhbharat #SwachhBharatAbhiyanpic.twitter.com/8IP4ZMMEiv"	""	""	"#NoteBandi #digitalpayments #DeMonetisation #swachhbharat #SwachhBharatAbhiyanpic"	"813381614617108480"	"https://twitter.com/rohitvishwakarm/status/813381614617108480"
"balamy"	"2016-12-26 18:21"	0	1	"@iAnkurSingh obit Rs200? #Demonetisation has its effect. :)"	""	"@iAnkurSingh"	"#Demonetisation"	"813366523473567744"	"https://twitter.com/balamy/status/813366523473567744"
"lets_be_humane"	"2016-12-26 16:29"	1	1	"Hahaha! A spoof on #demonetisation and his highness the PM along with 30 cows as Chorus. :D https://twitter.com/waz_tweets/status/807221939894972416 …"	""	""	"#demonetisation"	"813338455379886081"	"https://twitter.com/lets_be_humane/status/813338455379886081"
"My_StuC"	"2016-12-26 15:39"	0	0	"#Demonetisation #effects on #Christmas #celebrations :)pic.twitter.com/fRPVYxWOzm"	""	""	"#Demonetisation #effects #Christmas #celebrations"	"813325943947149313"	"https://twitter.com/My_StuC/status/813325943947149313"
"VivekKarwa"	"2016-12-26 15:32"	2	2	"#HeardOnStreet: #Dangal hits 100 Crs in three days... People had no money due to #DeMonetisation, else it could have hit 200 Crs :P"	""	""	"#HeardOnStreet #Dangal #DeMonetisation"	"813324108092080128"	"https://twitter.com/VivekKarwa/status/813324108092080128"
"abhinavvaid"	"2016-12-26 14:15"	0	0	"My 7 years old nephew on seeing queue for camel ride yeh to ATM jaisi line hai ~ this looks like an ATM queue!! :) #DeMonetisation"	""	""	"#DeMonetisation"	"813304810703298561"	"https://twitter.com/abhinavvaid/status/813304810703298561"
"Nikstrade"	"2016-12-26 13:46"	0	2	"Post #DeMonetisation Buzz was Banks big beneficiary thats why closed Now 177-148 & 157-123 worth 25% buyback ,,:)) https://twitter.com/Nikstrade/status/799485811402141697 …"	""	""	"#DeMonetisation"	"813297505207099393"	"https://twitter.com/Nikstrade/status/813297505207099393"
"ravinathd"	"2016-12-26 12:36"	0	0	"And I thought 'soldiers are dying' is the answer from the troll army for any questions put to the govt :p #demonetization https://twitter.com/drnarendranET/status/813276117641678848 …"	""	""	"#demonetization"	"813279807991640064"	"https://twitter.com/ravinathd/status/813279807991640064"
"siddarthpaim"	"2016-12-26 11:00"	1	1	"I made 99% of transaction post #demonetization only in digital form ...hope to be one of Lucky Grahak of #Digidhan :-)https://twitter.com/NITIAayog/status/813255053058285568 …"	""	""	"#demonetization #Digidhan"	"813255521339740160"	"https://twitter.com/siddarthpaim/status/813255521339740160"
"DH2078"	"2016-12-28 03:00"	0	2	"Got my weekly 24 thousands from an old account... In and out of bank in 1 min 40 seconds :).#DeMonetisation"	""	""	"#DeMonetisation"	"813859564860936195"	"https://twitter.com/DH2078/status/813859564860936195"
"ranashu"	"2016-12-28 00:55"	0	0	"Means without #DeMonetisation tax base could not have been expanded? Trying to justify thru 1000 Ways :)) https://twitter.com/kiranks/status/813773216585895936 …"	""	""	"#DeMonetisation"	"813828136869597184"	"https://twitter.com/ranashu/status/813828136869597184"
"SandipGhose"	"2016-12-27 23:01"	9	7	".@tragicosmicomic @ProsaicView Do read this then - to see which way the wind blows ::)) http://www.abplive.in/blog/after-demonetisation-will-it-be-lower-taxes … @amitabhk87 #DeMonetisation"	""	"@tragicosmicomic @ProsaicView @amitabhk87"	"#DeMonetisation"	"813799359691112448"	"https://twitter.com/SandipGhose/status/813799359691112448"
"RajaJanardhan"	"2016-12-27 22:41"	0	0	"Did u see this well made music video on #DeMonetisation ? Pls do watch the end without fail. :-)) #Tamil https://youtu.be/Jmp1nnRvxi0  @PMOIndia"	""	"@PMOIndia"	"#DeMonetisation #Tamil"	"813794333388218369"	"https://twitter.com/RajaJanardhan/status/813794333388218369"
"ganeshmantra"	"2016-12-27 21:39"	0	0	"Shit.!!! Steve Forbes is very Biased...#Demonetization :D http://fb.me/8kCaCqHMC "	""	""	"#Demonetization"	"813778900547354624"	"https://twitter.com/ganeshmantra/status/813778900547354624"
"rockymans"	"2016-12-27 21:15"	0	0	"The most disturbed nd perplexed politician after #DeMonetisation is @MamataOfficial ..Wonder Why ?! :D"	""	"@MamataOfficial"	"#DeMonetisation"	"813772772983746560"	"https://twitter.com/rockymans/status/813772772983746560"
"vaiju7"	"2016-12-27 18:45"	0	1	"@narendramodi wants us to go cashless, @sanjaysub wants us to go moneyless :) a repeat of super #demonetisation sang"	""	"@narendramodi @sanjaysub"	"#demonetisation"	"813735082750001152"	"https://twitter.com/vaiju7/status/813735082750001152"
"gauravdedhia2"	"2016-12-27 17:27"	0	0	"In case you are wondering why your #Christmas gift has not arrived yet. #India #DeMonetisation #lol #santaclaus at #ATM :-)pic.twitter.com/4tXa33hcop"	""	""	"#Christmas #India #DeMonetisation #lol #santaclaus #ATM"	"813715393869017088"	"https://twitter.com/gauravdedhia2/status/813715393869017088"
"murhari"	"2016-12-27 16:54"	0	0	"Must read take on #DeMonetisation. Warning: Contains myth busting math :) https://twitter.com/Mint_Opinion/status/813638977924177920 …"	""	""	"#DeMonetisation"	"813707202305331200"	"https://twitter.com/murhari/status/813707202305331200"
"nbrengaraju"	"2016-12-27 16:39"	1	1	"@timesofindia More @INCIndia @AITCofficial & other opp parties come2gather on #DeMonetisation #Share #Markets get a boost :)"	""	"@timesofindia @INCIndia @AITCofficial"	"#DeMonetisation #Share #Markets"	"813703297345257472"	"https://twitter.com/nbrengaraju/status/813703297345257472"
"koLifayaz"	"2016-12-27 16:18"	0	1	"Thank you Amir Khan (actor) for proving that all ill-effects of #demonetization are over :) (Y)"	""	""	"#demonetization"	"813698113366097921"	"https://twitter.com/koLifayaz/status/813698113366097921"
"rajeshkalra"	"2016-12-27 16:06"	0	0	".@MamataOfficial says Parl. shd've been taken into confidence before announcing #DeMonetisation :)"	""	"@MamataOfficial"	"#DeMonetisation"	"813695024965689344"	"https://twitter.com/rajeshkalra/status/813695024965689344"
"sanketbmehta"	"2016-12-27 15:51"	0	0	"If I had a Jan Dhan account with ₹99,99,99,394 in it, I'd wonder where the rest 606 went. But yes,Santa exists! :) #DeMonetisation"	""	""	"#DeMonetisation"	"813691339128729600"	"https://twitter.com/sanketbmehta/status/813691339128729600"
"openspacesindia"	"2016-12-27 12:52"	0	0	"2016 had #brexit #TRUMP #Rio2016 #DeMonetisation hope 2017 brings more #joy #happysurprizes #love #PeaceOnEarth #prosperity for everyone :)"	""	""	"#brexit #TRUMP #Rio2016 #DeMonetisation #joy #happysurprizes #love #PeaceOnEarth #prosperity"	"813646104285749248"	"https://twitter.com/openspacesindia/status/813646104285749248"
"D_jets"	"2016-12-27 11:58"	1	2	"Fifth meeting of the western region council has commenced @FollowCII Effect of #DeMonetisation is of course the first discussion :) pic.twitter.com/fRywf6MtO7"	""	"@FollowCII"	"#DeMonetisation"	"813632630038077440"	"https://twitter.com/D_jets/status/813632630038077440"
"NallasivamT"	"2016-12-27 11:29"	0	0	"another one for #demonetisation #valarchilapangedukuradhu :P P.S. no subtitles :|http://fb.me/8hubMb2JE "	""	""	"#demonetisation #valarchilapangedukuradhu"	"813625300731002880"	"https://twitter.com/NallasivamT/status/813625300731002880"
"Ethirajans"	"2016-12-27 10:19"	0	3	"Despite being millionaires, many i know in Delhi starved for food on 9th Nov, a day after #DeMonetisation was announced. - PC :)))))))))"	""	""	"#DeMonetisation"	"813607786139373568"	"https://twitter.com/Ethirajans/status/813607786139373568"
"mohdshafikp"	"2016-12-28 23:44"	0	0	"#Demonetisation :) :) 'I promise to pay the bearer' will be changed to ' 'I promise to imprison the bearer for... http://fb.me/1EZhLKJDi "	""	""	"#Demonetisation"	"814172679649497092"	"https://twitter.com/mohdshafikp/status/814172679649497092"
"DenNehaS"	"2016-12-28 22:04"	0	0	"Hope people who hv purchased Cars worth morethan 50lakhs aftr 8nov will not complain abt implementation n strategy of #DeMonetisation now :D"	""	""	"#DeMonetisation"	"814147506506375168"	"https://twitter.com/DenNehaS/status/814147506506375168"
"TheTrueBhartiya"	"2016-12-28 22:00"	0	0	"@RBI @timesofindia After #DeMonetisation, now RBI's new #Deputy #Governor goes Viral :P Congrats, Viral Acharya, new Deputy Governor of #RBIpic.twitter.com/mVKTlPYQjF"	""	"@RBI @timesofindia"	"#DeMonetisation #Deputy #Governor #RBIpic"	"814146625425772544"	"https://twitter.com/TheTrueBhartiya/status/814146625425772544"
"raaisaab"	"2016-12-28 21:09"	0	1	"@RT_com Now-a-days everybody appears to be inspired by #DeMonetisation :)"	""	"@RT_com"	"#DeMonetisation"	"814133747645706240"	"https://twitter.com/raaisaab/status/814133747645706240"
"abhikumar90"	"2016-12-28 21:08"	0	2	"#DeMonetisation First time I am seeing there is no people standing outside ATM despite of having money :) seems like achhe din :)"	""	""	"#DeMonetisation"	"814133547715788800"	"https://twitter.com/abhikumar90/status/814133547715788800"
"DrShobha"	"2016-12-28 20:44"	0	1	"Today's episode of #TMKOC on @sabtv on #DeMonetisation :))"	""	"@sabtv"	"#TMKOC #DeMonetisation"	"814127405761576960"	"https://twitter.com/DrShobha/status/814127405761576960"
"KrantiAgrawal"	"2016-12-28 19:42"	0	0	"My car ran out of fuel just now. It's because of Modiji and #DeMonetisation I hate you :p"	""	""	"#DeMonetisation"	"814111721942085632"	"https://twitter.com/KrantiAgrawal/status/814111721942085632"
"n44r4dmuni"	"2016-12-28 17:09"	0	0	"@indianexpress based on the money that came back in post #demonetisation, maybe @mvenkaiahnaidu should be admitting that :)"	""	"@indianexpress @mvenkaiahnaidu"	"#demonetisation"	"814073210664841217"	"https://twitter.com/n44r4dmuni/status/814073210664841217"
"actindia"	"2016-12-28 16:44"	0	0	"Summary Capital punishment ? :-) #Ordinance on demonetisation, to penalise men holding old notes. #DeMonetisation http://ln.is/mZ8hE "	""	""	"#Ordinance #DeMonetisation"	"814066924372037632"	"https://twitter.com/actindia/status/814066924372037632"
"DhananjaySpeaks"	"2016-12-28 15:49"	0	0	"@Babu_Bhaiyaa #DeMonetisation issue. :) They are tired of counting money now."	""	"@Babu_Bhaiyaa"	"#DeMonetisation"	"814053176802349056"	"https://twitter.com/DhananjaySpeaks/status/814053176802349056"
"kunal1607"	"2016-12-28 15:29"	0	0	"@RealHistoryPic IT dept. raids and found 72 @AamAadmiParty + @ndtv persons in pune. -) :-) #DeMonetisation https://twitter.com/HTMumbai/status/814045334116581376 …"	""	"@RealHistoryPic @AamAadmiParty @ndtv"	"#DeMonetisation"	"814048223643910145"	"https://twitter.com/kunal1607/status/814048223643910145"
"vijaylx"	"2016-12-28 14:10"	0	0	"Hope things would be good :) #DeMonetisation #effecthttps://twitter.com/kppvijay/status/813791867414278144 …"	""	""	"#DeMonetisation #effecthttps"	"814028182764589056"	"https://twitter.com/vijaylx/status/814028182764589056"
"dattaniharsh"	"2016-12-28 14:06"	0	0	"#Demonetization :P http://fb.me/13dbA9yRL "	""	""	"#Demonetization"	"814027210889818112"	"https://twitter.com/dattaniharsh/status/814027210889818112"
"dineshkupadhyay"	"2016-12-28 13:12"	0	1	"@OfficeOfRG साथ ही ट्विंकल - ट्विंकल भी ट्विट करिये सारा देश जानना चाहता है की आपको याद है कि नहीं :) #DeMonetisation @sambitswaraj"	""	"@OfficeOfRG @sambitswaraj"	"#DeMonetisation"	"814013574817415169"	"https://twitter.com/dineshkupadhyay/status/814013574817415169"
"gauravbir786"	"2016-12-28 11:04"	0	0	"@AnupamPkher Sir, is this related to #DeMonetisation :) @ajaymaken @INCIndia @OfficeOfRG"	""	"@AnupamPkher @ajaymaken @INCIndia @OfficeOfRG"	"#DeMonetisation"	"813981459287445504"	"https://twitter.com/gauravbir786/status/813981459287445504"
"NomaniSafi"	"2016-12-28 10:30"	0	0	"Pink is the new black :P #demonetization"	""	""	"#demonetization"	"813972884246786048"	"https://twitter.com/NomaniSafi/status/813972884246786048"
"Nikstrade"	"2016-12-28 10:29"	5	3	"#demonetization effect Baby Investors turned into Day Traders/ Index traders Reason Uncertanity FEAR +Low Capital ,,:),"	""	""	"#demonetization"	"813972722111823872"	"https://twitter.com/Nikstrade/status/813972722111823872"
"nileshdchavan"	"2016-12-29 23:56"	0	0	"बहुत ही अकलमंद :D #MoneyLaunderers #Demonetization http://fb.me/5dpjq7yZh "	""	""	"#MoneyLaunderers #Demonetization"	"814537972762771456"	"https://twitter.com/nileshdchavan/status/814537972762771456"
"betki"	"2016-12-29 23:37"	0	0	"Must be Modi's conspiracy to show #DeMonetisation is a success :P https://twitter.com/nanditathhakur/status/814532339325751296 …"	""	""	"#DeMonetisation"	"814533266262740996"	"https://twitter.com/betki/status/814533266262740996"
"ambik4ever"	"2016-12-29 22:55"	2	2	"MONEY MAKES MAN MAD. :) #DeMonetisation"	""	""	"#DeMonetisation"	"814522724362006528"	"https://twitter.com/ambik4ever/status/814522724362006528"
"kat__denn"	"2016-12-29 22:35"	0	0	"Me and my resolution for 2017..:P #PartyTohBantiHai #Sherlockreturns #NamoBestPMOfIndia hope #DeMonetisation helps pic.twitter.com/MOLkzidzo8"	""	""	"#PartyTohBantiHai #Sherlockreturns #NamoBestPMOfIndia #DeMonetisation"	"814517803126374401"	"https://twitter.com/kat__denn/status/814517803126374401"
"sidjaiswal"	"2016-12-29 21:31"	0	1	"Chacha-Bhatija are back in news !! Life seems to be coming back on track after #demonetization. :-)"	""	""	"#demonetization"	"814501647334408196"	"https://twitter.com/sidjaiswal/status/814501647334408196"
"Iamshiyad"	"2016-12-29 21:24"	0	3	"@bharat_builder if this is the best defense @PawanDurani has, #DeMonetisation has filed miserably :)"	""	"@bharat_builder @PawanDurani"	"#DeMonetisation"	"814499849974333440"	"https://twitter.com/Iamshiyad/status/814499849974333440"
"shivendushekhar"	"2016-12-29 21:04"	1	1	"Sharp decline in PM's popularity frm 99% as reported in his poll after #demonetization to 57% in @chetan_bhagat poll with same voters. :)"	""	"@chetan_bhagat"	"#demonetization"	"814494861785255937"	"https://twitter.com/shivendushekhar/status/814494861785255937"
"reinventlife24"	"2016-12-29 20:46"	0	0	"Damn no surprise address to the nation this time, fixed already;whata thrilling night tht was followed by volley of #DeMonetisation jokes :D"	""	""	"#DeMonetisation"	"814490324903018496"	"https://twitter.com/reinventlife24/status/814490324903018496"
"MalharTakle"	"2016-12-29 17:24"	1	1	"@timesofindia Funds spent on #advertising & luring announcements by @arunjaitley before Budget Session proves Failure of #DeMonetisation :P"	""	"@timesofindia @arunjaitley"	"#advertising #DeMonetisation"	"814439526185566210"	"https://twitter.com/MalharTakle/status/814439526185566210"
"rami_malik"	"2016-12-29 16:48"	1	1	"@KapilSibal If ppl are angry and against #DeMonetisation then why the hell Pappu making Halla-Gulla everyday about its negatives :)"	""	"@KapilSibal"	"#DeMonetisation"	"814430385639604224"	"https://twitter.com/rami_malik/status/814430385639604224"
"laxman_xy"	"2016-12-29 16:11"	1	1	"Yes, when PM #Modi begins with 'Mitron' ..ugh.. the fear you can see in their eyes :) #Demonetization https://twitter.com/India_Policy/status/814402679673737216 …"	""	""	"#Modi #Demonetization"	"814421075811532800"	"https://twitter.com/laxman_xy/status/814421075811532800"
"TheRajKundra"	"2016-12-29 15:35"	32	83	"From I promise to pay the bearer to I promise to arrest the bearer All it took was 50 days..... #DeMonetisation word of the year :)"	""	""	"#DeMonetisation"	"814412010440065025"	"https://twitter.com/TheRajKundra/status/814412010440065025"
"AshDubey_"	"2016-12-29 14:45"	8	10	"Now I know @saikatd was taking lot of pics of ATMS in all these weeks angst #DeMonetisation :-) https://twitter.com/imAbhishek_J/status/814349283688378368 …"	""	"@saikatd"	"#DeMonetisation"	"814399553147310080"	"https://twitter.com/AshDubey_/status/814399553147310080"
"kappansky"	"2016-12-29 14:37"	9	12	"SURVIVING #DEMONETISATION: This SatishAcharya #cartoon is hilarious, but apt :)pic.twitter.com/Qgb38U8aYA"	""	""	"#DEMONETISATION #cartoon"	"814397458264358912"	"https://twitter.com/kappansky/status/814397458264358912"
"Preethi_Krishna"	"2016-12-29 14:21"	1	0	"@arroworks @Moskvaa Memory fresh nahin hain.. Paisa purana hain #DeMonetisation :D @capt_amarinder"	""	"@arroworks @Moskvaa @capt_amarinder"	"#DeMonetisation"	"814393486220759041"	"https://twitter.com/Preethi_Krishna/status/814393486220759041"
"nav_nirvana"	"2016-12-29 14:02"	0	2	"Do hell with Modi Ji :) #GoodGovernanceDay #DemonetizationBenefits #ModiBhakts #PMModi #ModiJiOnAajTak #DeMonetisation #BJPpic.twitter.com/ANxa3aH464"	""	""	"#GoodGovernanceDay #DemonetizationBenefits #ModiBhakts #PMModi #ModiJiOnAajTak #DeMonetisation #BJPpic"	"814388567791325184"	"https://twitter.com/nav_nirvana/status/814388567791325184"
"udaydhoot"	"2016-12-29 13:52"	0	1	"@simpleharish Either ways consumption will go up! More pain rona or mast hoke sona :) #DeMonetisation"	""	"@simpleharish"	"#DeMonetisation"	"814385995592318976"	"https://twitter.com/udaydhoot/status/814385995592318976"
"EvilOverlord"	"2016-12-29 13:39"	0	0	"#NewYearEve: (fade screen to black) Mitron... *cue this track*-> https://www.youtube.com/watch?v=sX7hFKjm_n4 … :D Imba troll! #Modi #Demonetisation #Deadline"	""	""	"#NewYearEve #Modi #Demonetisation #Deadline"	"814382748198584320"	"https://twitter.com/EvilOverlord/status/814382748198584320"
"theUnfading"	"2016-12-29 13:36"	0	1	"@AdvancedMaushi @punamChoudhar12 @MplusJain @_prejudiced Thank God, Liberals didn't say, this all because of #DeMonetisation :p"	""	"@AdvancedMaushi @punamChoudhar12 @MplusJain @_prejudiced"	"#DeMonetisation"	"814382115341172736"	"https://twitter.com/theUnfading/status/814382115341172736"
"Nikhildixit998"	"2016-12-29 13:14"	0	0	"Demonetization effect : 1 of the friends disappointed & hit the no cash atm.. Jailed :D #DeMonetisation #NoteBandi."	""	""	"#DeMonetisation #NoteBandi"	"814376410538188800"	"https://twitter.com/Nikhildixit998/status/814376410538188800"
"kat__denn"	"2016-12-29 13:03"	0	1	"Seeing coffee for the first time..:P #DeMonetisation #DarkAndExotic #KuchDinpic.twitter.com/bXGzAGWLWJ"	""	""	"#DeMonetisation #DarkAndExotic #KuchDinpic"	"814373719086772224"	"https://twitter.com/kat__denn/status/814373719086772224"
"leonspeter"	"2016-12-29 11:51"	2	0	".@ANI_news How this come.? #DeMonetisation has broken the backs of terrorists, right.? :P"	""	"@ANI_news"	"#DeMonetisation"	"814355541149569024"	"https://twitter.com/leonspeter/status/814355541149569024"
"gauravdedhia2"	"2016-12-29 11:22"	0	1	"#31Dec #Party 7:30-8Pm ke pahele Kar lena bhai log :-) #Lol #Modi #India #Noteban #DeMonetisation :-) https://twitter.com/CNBCTV18Live/status/814345350609850370 …"	""	""	"#31Dec #Party #Lol #Modi #India #Noteban #DeMonetisation"	"814348455766360065"	"https://twitter.com/gauravdedhia2/status/814348455766360065"
"ranashu"	"2016-12-29 10:29"	1	1	"In Shivpuri, MP farmers' innovative way- sleeping at night at banks branches. Will govt arrange some refreshment 4 them? #DeMonetisation :))"	""	""	"#DeMonetisation"	"814334998258024449"	"https://twitter.com/ranashu/status/814334998258024449"
"iakshayarora"	"2016-12-29 09:43"	1	1	"Day 51 of #DeMonetisation : 'Modi Ji ' रोते हुए - मित्रो मुझे थोड़ा और समय देदीजिए :D Public: #AjaModiChowkPe"	""	""	"#DeMonetisation #AjaModiChowkPe"	"814323503855869952"	"https://twitter.com/iakshayarora/status/814323503855869952"
"AsimKumarVerma"	"2016-12-29 08:40"	0	0	"Absurd reasons given by @EconomicTimes Editors nt to penalize ppl for holding old notes. One of them : Game of Monopoly :) #DeMonetisation pic.twitter.com/5c0ZvnQSJ0"	""	"@EconomicTimes"	"#DeMonetisation"	"814307613135384576"	"https://twitter.com/AsimKumarVerma/status/814307613135384576"